Subject,From,Body
🌺Direct From Japan🌺Clean Sui Japan No.1 water filter/UCC The Blend 117 Instant Coffee /Morinaga Afternoon Milk Tea Cookies >> see more deals!,"""Qoo10 Singapore"" <qoo10info@qoo10.sg>","<!DOCTYPE html>
<html><img  height=0 width=0 border=0 src=https://special.qoo10.sg/edm2?5I-186024I-4895015I-4uPmuPzeI-4I-3>
<head>
</head>
<body>
<p style=""text-align: center;text-Align: center;""></p>
<!--Start of Top Menu -->
<table border=""0"" width=""750"" style=""margin-left:auto;margin-right:auto;"" cellpadding=""0"" cellspacing=""0"" align=""center"">
<tbody>
<tr style=""text-align: center;text-Align: center;"">
<td style=""text-align: center;text-Align: center;"" colspan=""4""><a href=""https://special.qoo10.sg/edm2?4I-186024I-4895015I-4goaSoZE-8zPqrCF-11I-4ehhgzE-8D-7D-7DDDD-6qCC10D-6zEF-3pBPeUSJF-1d180561298I-3"" name=""ANCHOR11474458"" target=""_blank""><img src=""http://dp.image-gmkt.com/dp2016/SG/design/CM1/2019/Beauty/07_July/EDM/TopMenu_01.jpg"" width=""750"" height=""79"" alt="""" /></a></td>
</tr>
<tr style=""text-align: center;text-Align: center;"">
<td style=""text-align: center;text-Align: center;""><a href=""https://special.qoo10.sg/edm2?5I-186024I-4895015I-4goaSoZE-8zPqrCF-12I-4ehhgzE-8D-7D-7DDDD-6qCC10D-6zED-7EbZhD-6SHoD-7FPzhzPaaPuzF-3pBPeUSJF-1d180561298I-3"" name=""ANCHOR11474459"" target=""_blank""><img src=""http://dp.image-gmkt.com/dp2016/SG/design/CM1/2019/Beauty/07_July/EDM/TopMenu_02.jpg"" width=""188"" height=""51"" alt="""" /></a></td>
<td style=""text-align: center;text-Align: center;""><a href=""https://special.qoo10.sg/edm2?6I-186024I-4895015I-4goaSoZE-8zPqrCF-13I-4ehhgzE-8D-7D-7DDDD-6qCC10D-6zED-7EbZhD-6SHoD-7GPBaD-7wSbPRBaPD-6BzgKF-3pBPeUSJF-1d180561298I-3"" name=""ANCHOR11474460"" target=""_blank""><img src=""http://dp.image-gmkt.com/dp2016/SG/design/CM1/2019/Beauty/07_July/EDM/TopMenu_03.jpg"" width=""187"" alt="""" /></a></td>
<td style=""text-align: center;text-Align: center;""><a href=""https://special.qoo10.sg/edm2?8I-186024I-4895015I-4goaSoZE-8zPqrCF-14I-4ehhgzE-8D-7D-7DDDD-6qCC10D-6zED-7EbZhD-6SHoD-7GPBaD-7GBSaAGPBaD-6BzgKF-3pBPeUSJF-1d180561298I-3"" name=""ANCHOR11474461"" target=""_blank""><img src=""http://dp.image-gmkt.com/dp2016/SG/design/CM1/2019/Beauty/07_July/EDM/TopMenu_04.jpg"" width=""187"" height=""51"" alt="""" /></a></td>
<td style=""text-align: center;text-Align: center;""><a href=""https://special.qoo10.sg/edm2?8I-186024I-4895015I-4goaSoZE-8zPqrCF-15I-4ehhgzE-8D-7D-7DDDD-6qCC10D-6zED-7EbZhD-6SHoD-7GPBaD-7juCUgFUAD-6BzgKF-3pBPeUSJF-1d180561298I-3"" name=""ANCHOR11474462"" target=""_blank""><img src=""http://dp.image-gmkt.com/dp2016/SG/design/CM1/2019/Beauty/07_July/EDM/TopMenu_05.jpg?1"" width=""188"" alt="""" /></a></td>
</tr>
</tbody>
</table>
<!--End of Top Menu -->
<p style=""text-align: center;text-Align: center;""></p>
<!--Start of Theme, Roulette, Coupon !! -- Super Sale-->
<table height=""67"" border=""0"" width=""750"" style=""padding-bottom: 10px;margin-left:auto;margin-right:auto;"" cellpadding=""0"" cellspacing=""0"" align=""center"">
<tbody>
<tr style=""text-align: center;text-Align: center;"">
<td width=""750"" style=""text-align: center;text-Align: center;""><a href=""https://special.qoo10.sg/edm2?5I-186024I-4895015I-4goaSoZE-8zPqrCF-16I-4ehhgzE-8D-7D-7DDDD-6qCC10D-6zED-7EbZhD-6SHoD-7icPHhD-7qoeBHoPD-6BzgKF-3pBPeUSJF-1d180561298I-3"" name=""ANCHOR11474463"" target=""_blank""><img src=""http://dp.image-gmkt.com/dp2016/SG/design/CM1/2019/edm/Roulette-Supersale.jpg"" width=""750"" height=""67"" alt="""" style=""display: block;"" valign=""top"" /></a></td>
</tr>
</tbody>
</table>
<!--End of Theme, Roulette, Coupon  -->
<table border=""0"" width=""750"" style=""padding-bottom: 7px;margin-left:auto;margin-right:auto;"" cellpadding=""0"" cellspacing=""0"" align=""center""><!--Start --> <!--event 	

	<tr>
		<td style=""FONT-SIZE: 0px; PADDING-BOTTOM: 0px; PADDING-TOP: 0px; PADDING-LEFT: 0px; PADDING-RIGHT: 0px"" width=""100%"" colspan=""2"" align=""center""><a href=""https://www.qoo10.sg/33sale?&cmpnCode=85684&pct=6"" target=""_blank""><img border=""0"" width=""100%"" src=""https://dp.image-gmkt.com/dp2016/SG/design/AIM/2022/02/0303_Qoo10Day_Spoke_MOB.jpg?1""/></a></td>
 	</tr>
 --> <!--header -->
<tbody>
<tr style=""text-align: center;text-Align: center;"">
<td style=""font-size: 0px; padding: 0px; text-align: center;text-Align: center;"" width=""100%"" colspan=""2"" align=""center""><a href=""https://special.qoo10.sg/edm2?2I-186024I-4895015I-4goaSoZE-8zPqrCF-17I-4ehhgE-8D-7D-7aSzhD-6qCC10D-6zED-7EbZhD-6SHoD-7RgPoSBaD-7RgPoSBaD-6BzgKF-3zSJF-1188365C-8pBPeUSJF-1d180561298I-3"" name=""ANCHOR11474464"" target=""_blank""><img border=""0"" width=""100%"" src=""https://dp.image-gmkt.com/dp2016/SG/design/JPbiz/2022/02/220204_jp_188365_750.jpg?3"" /></a></td>
</tr>
<!--jp  -->
<tr style=""text-align: center;text-Align: center;"">
<td style=""font-size: 0px; padding: 0px; text-align: center;text-Align: center;"" width=""100%"" colspan=""2"" align=""center""><a href=""https://special.qoo10.sg/edm2?7I-186024I-4895015I-4goaSoZE-8zPqrCF-18I-4ehhgzE-8D-7D-7DDDD-6qCC10D-6zED-7EbZhD-6SHoD-7ECCJzD-7ECCJzD-6BzgKF-3ECCJzoCJPF-1700483709C-8pBPeUSJF-1d180561298I-3"" name=""ANCHOR11474465"" target=""_blank""><img src=""http://dp.image-gmkt.com/dp2016/SG/design/JPbiz/2022/03/220310_jp_edm_item_750_01.jpg"" width=""100%"" border=""0"" /></a></td>
</tr>
<tr style=""text-align: center;text-Align: center;"">
<td style=""font-size: 0px; padding: 0px; text-align: center;text-Align: center;"" width=""100%"" colspan=""2"" align=""center""><a href=""https://special.qoo10.sg/edm2?6I-186024I-4895015I-4goaSoZE-8zPqrCF-19I-4ehhgzE-8D-7D-7DDDD-6qCC10D-6zED-7EbZhD-6SHoD-7ECCJzD-7ECCJzD-6BzgKF-3ECCJzoCJPF-1686206850C-8pBPeUSJF-1d180561298I-3"" name=""ANCHOR11474466"" target=""_blank""><img src=""http://dp.image-gmkt.com/dp2016/SG/design/JPbiz/2022/03/220310_jp_edm_item_750_02.jpg"" width=""100%"" border=""0"" /></a></td>
</tr>
<tr style=""text-align: center;text-Align: center;"">
<td style=""font-size: 0px; padding: 0px; text-align: center;text-Align: center;"" width=""100%"" colspan=""2"" align=""center""><a href=""https://special.qoo10.sg/edm2?4I-186024I-4895015I-4goaSoZE-8zPqrCF-110I-4ehhgzE-8D-7D-7DDDD-6qCC10D-6zED-7EbZhD-6SHoD-7ECCJzD-7ECCJzD-6BzgKF-3ECCJzoCJPF-1680279096C-8pBPeUSJF-1d180561298I-3"" name=""ANCHOR11474467"" target=""_blank""><img src=""http://dp.image-gmkt.com/dp2016/SG/design/JPbiz/2022/03/220310_jp_edm_item_750_03.jpg"" width=""100%"" border=""0"" /></a></td>
</tr>
<tr style=""text-align: center;text-Align: center;"">
<td style=""font-size: 0px; padding: 0px; text-align: center;text-Align: center;"" width=""100%"" colspan=""2"" align=""center""><a href=""https://special.qoo10.sg/edm2?5I-186024I-4895015I-4goaSoZE-8zPqrCF-111I-4ehhgzE-8D-7D-7DDDD-6qCC10D-6zED-7EbZhD-6SHoD-7ECCJzD-7ECCJzD-6BzgKF-3ECCJzoCJPF-1707274013C-8pBPeUSJF-1d180561298I-3"" name=""ANCHOR11474468"" target=""_blank""><img src=""http://dp.image-gmkt.com/dp2016/SG/design/JPbiz/2022/03/220310_jp_edm_item_750_04.jpg"" width=""100%"" border=""0"" /></a></td>
</tr>
<tr style=""text-align: center;text-Align: center;"">
<td style=""font-size: 0px; padding: 0px; text-align: center;text-Align: center;"" width=""100%"" colspan=""2"" align=""center""><a href=""https://special.qoo10.sg/edm2?7I-186024I-4895015I-4goaSoZE-8zPqrCF-112I-4ehhgzE-8D-7D-7DDDD-6qCC10D-6zED-7EbZhD-6SHoD-7ECCJzD-7ECCJzD-6BzgKF-3ECCJzoCJPF-1700126508C-8pBPeUSJF-1d180561298I-3"" name=""ANCHOR11474469"" target=""_blank""><img src=""http://dp.image-gmkt.com/dp2016/SG/design/JPbiz/2022/03/220310_jp_edm_item_750_05.jpg"" width=""100%"" border=""0"" /></a></td>
</tr>
<tr style=""text-align: center;text-Align: center;"">
<td style=""font-size: 0px; padding: 0px; text-align: center;text-Align: center;"" width=""100%"" colspan=""2"" align=""center""><a href=""https://special.qoo10.sg/edm2?1I-186024I-4895015I-4goaSoZE-8zPqrCF-113I-4ehhgzE-8D-7D-7DDDD-6qCC10D-6zED-7EbZhD-6SHoD-7ECCJzD-7ECCJzD-6BzgKF-3ECCJzoCJPF-1673562509C-8pBPeUSJF-1d180561298I-3"" name=""ANCHOR11474470"" target=""_blank""><img src=""http://dp.image-gmkt.com/dp2016/SG/design/JPbiz/2022/03/220310_jp_edm_item_750_06.jpg"" width=""100%"" border=""0"" /></a></td>
</tr>
<tr style=""text-align: center;text-Align: center;"">
<td style=""font-size: 0px; padding: 0px; text-align: center;text-Align: center;"" width=""100%"" colspan=""2"" align=""center""><a href=""https://special.qoo10.sg/edm2?4I-186024I-4895015I-4goaSoZE-8zPqrCF-114I-4ehhgzE-8D-7D-7DDDD-6qCC10D-6zED-7EbZhD-6SHoD-7ECCJzD-7ECCJzD-6BzgKF-3ECCJzoCJPF-1708222677C-8pBPeUSJF-1d180561298I-3"" name=""ANCHOR11474471"" target=""_blank""><img src=""http://dp.image-gmkt.com/dp2016/SG/design/JPbiz/2022/03/220310_jp_edm_item_750_07.jpg"" width=""100%"" border=""0"" /></a></td>
</tr>
<tr style=""text-align: center;text-Align: center;"">
<td style=""font-size: 0px; padding: 0px; text-align: center;text-Align: center;"" width=""100%"" colspan=""2"" align=""center""><a href=""https://special.qoo10.sg/edm2?2I-186024I-4895015I-4goaSoZE-8zPqrCF-115I-4ehhgzE-8D-7D-7DDDD-6qCC10D-6zED-7EbZhD-6SHoD-7ECCJzD-7ECCJzD-6BzgKF-3ECCJzoCJPF-1700242243C-8pBPeUSJF-1d180561298I-3"" name=""ANCHOR11474472"" target=""_blank""><img src=""http://dp.image-gmkt.com/dp2016/SG/design/JPbiz/2022/03/220310_jp_edm_item_750_08.jpg"" width=""100%"" border=""0"" /></a></td>
</tr>
<tr style=""text-align: center;text-Align: center;"">
<td style=""font-size: 0px; padding: 0px; text-align: center;text-Align: center;"" width=""100%"" colspan=""2"" align=""center""><a href=""https://special.qoo10.sg/edm2?6I-186024I-4895015I-4goaSoZE-8zPqrCF-116I-4ehhgzE-8D-7D-7DDDD-6qCC10D-6zED-7EbZhD-6SHoD-7ECCJzD-7ECCJzD-6BzgKF-3ECCJzoCJPF-1706759489C-8pBPeUSJF-1d180561298I-3"" name=""ANCHOR11474473"" target=""_blank""><img src=""http://dp.image-gmkt.com/dp2016/SG/design/JPbiz/2022/03/220310_jp_edm_item_750_09.jpg"" width=""100%"" border=""0"" /></a></td>
</tr>
<tr style=""text-align: center;text-Align: center;"">
<td style=""font-size: 0px; padding: 0px; text-align: center;text-Align: center;"" width=""100%"" colspan=""2"" align=""center""><a href=""https://special.qoo10.sg/edm2?1I-186024I-4895015I-4goaSoZE-8zPqrCF-117I-4ehhgzE-8D-7D-7DDDD-6qCC10D-6zED-7EbZhD-6SHoD-7ECCJzD-7ECCJzD-6BzgKF-3ECCJzoCJPF-1679442580C-8pBPeUSJF-1d180561298I-3"" name=""ANCHOR11474474"" target=""_blank""><img src=""http://dp.image-gmkt.com/dp2016/SG/design/JPbiz/2022/03/220310_jp_edm_item_750_10.jpg"" width=""100%"" border=""0"" /></a></td>
</tr>
<tr style=""text-align: center;text-Align: center;"">
<td style=""font-size: 0px; padding: 0px; text-align: center;text-Align: center;"" width=""100%"" colspan=""2"" align=""center""><a href=""https://special.qoo10.sg/edm2?1I-186024I-4895015I-4goaSoZE-8zPqrCF-118I-4ehhgzE-8D-7D-7DDDD-6qCC10D-6zED-7EbZhD-6SHoD-7ECCJzD-7ECCJzD-6BzgKF-3ECCJzoCJPF-1657427105C-8pBPeUSJF-1d180561298I-3"" name=""ANCHOR11474475"" target=""_blank""><img src=""http://dp.image-gmkt.com/dp2016/SG/design/JPbiz/2022/03/220310_jp_edm_item_750_11.jpg"" width=""100%"" border=""0"" /></a></td>
</tr>
<tr style=""text-align: center;text-Align: center;"">
<td style=""font-size: 0px; padding: 0px; text-align: center;text-Align: center;"" width=""100%"" colspan=""2"" align=""center""><a href=""https://special.qoo10.sg/edm2?9I-186024I-4895015I-4goaSoZE-8zPqrCF-119I-4ehhgzE-8D-7D-7DDDD-6qCC10D-6zED-7EbZhD-6SHoD-7ECCJzD-7ECCJzD-6BzgKF-3ECCJzoCJPF-1688197948C-8pBPeUSJF-1d180561298I-3"" name=""ANCHOR11474476"" target=""_blank""><img src=""http://dp.image-gmkt.com/dp2016/SG/design/JPbiz/2022/03/220310_jp_edm_item_750_12.jpg"" width=""100%"" border=""0"" /></a></td>
</tr>
</tbody>
</table>
<table border=""0"" width=""750"" style=""margin-left:auto;margin-right:auto;"" cellpadding=""0"" cellspacing=""0"" align=""center"">
<tbody>
<tr style=""text-align: center;text-Align: center;"">
<td style=""font-size: 0px; padding: 20px 0px 0px 0px; text-align: center;text-Align: center;"" width=""100%"" align=""center""><a href=""https://special.qoo10.sg/edm2?1I-186024I-4895015I-4goaSoZE-8zPqrCF-120I-4ehhgzE-8D-7D-7DDDD-6qCC10D-6zED-7EbZhD-6SHoD-7ECCJzD-7ECCJzD-6BzgKF-3ECCJzoCJPF-1701730242C-8pBPeUSJF-1d180561298I-3"" name=""ANCHOR11474477"" target=""_blank""><img src=""http://dp.image-gmkt.com/dp2016/SG/design/JPbiz/2022/03/220310_jp_edm_item02_750_01.jpg"" alt="""" border=""0"" /></a></td>
<td style=""font-size: 0px; padding: 20px 0px 0px 0px; text-align: center;text-Align: center;"" width=""100%"" align=""center""><a href=""https://special.qoo10.sg/edm2?5I-186024I-4895015I-4goaSoZE-8zPqrCF-121I-4ehhgzE-8D-7D-7DDDD-6qCC10D-6zED-7EbZhD-6SHoD-7ECCJzD-7ECCJzD-6BzgKF-3ECCJzoCJPF-1673224226C-8pBPeUSJF-1d180561298I-3"" name=""ANCHOR11474478"" target=""_blank""><img src=""http://dp.image-gmkt.com/dp2016/SG/design/JPbiz/2022/03/220310_jp_edm_item02_750_02.jpg"" alt="""" border=""0"" /></a></td>
</tr>
<tr style=""text-align: center;text-Align: center;"">
<td style=""font-size: 0px; padding: 20px 0px 0px 0px; text-align: center;text-Align: center;"" width=""100%"" align=""center""><a href=""https://special.qoo10.sg/edm2?9I-186024I-4895015I-4goaSoZE-8zPqrCF-122I-4ehhgzE-8D-7D-7DDDD-6qCC10D-6zED-7EbZhD-6SHoD-7ECCJzD-7ECCJzD-6BzgKF-3ECCJzoCJPF-1678116129C-8pBPeUSJF-1d180561298I-3"" name=""ANCHOR11474479"" target=""_blank""><img src=""http://dp.image-gmkt.com/dp2016/SG/design/JPbiz/2022/03/220310_jp_edm_item02_750_03.jpg"" alt="""" border=""0"" /></a></td>
<td style=""font-size: 0px; padding: 20px 0px 0px 0px; text-align: center;text-Align: center;"" width=""100%"" align=""center""><a href=""https://special.qoo10.sg/edm2?4I-186024I-4895015I-4goaSoZE-8zPqrCF-123I-4ehhgzE-8D-7D-7DDDD-6qCC10D-6zED-7EbZhD-6SHoD-7ECCJzD-7ECCJzD-6BzgKF-3ECCJzoCJPF-1689098525C-8pBPeUSJF-1d180561298I-3"" name=""ANCHOR11474480"" target=""_blank""><img src=""http://dp.image-gmkt.com/dp2016/SG/design/JPbiz/2022/03/220310_jp_edm_item02_750_07.jpg"" alt="""" border=""0"" /></a></td>
</tr>
<tr style=""text-align: center;text-Align: center;"">
<td style=""font-size: 0px; padding: 20px 0px 0px 0px; text-align: center;text-Align: center;"" width=""100%"" align=""center""><a href=""https://special.qoo10.sg/edm2?5I-186024I-4895015I-4goaSoZE-8zPqrCF-124I-4ehhgzE-8D-7D-7DDDD-6qCC10D-6zED-7EbZhD-6SHoD-7ECCJzD-7ECCJzD-6BzgKF-3ECCJzoCJPF-1669072840C-8pBPeUSJF-1d180561298I-3"" name=""ANCHOR11474481"" target=""_blank""><img src=""http://dp.image-gmkt.com/dp2016/SG/design/JPbiz/2022/03/220310_jp_edm_item02_750_05.jpg"" alt="""" border=""0"" /></a></td>
<td style=""font-size: 0px; padding: 20px 0px 0px 0px; text-align: center;text-Align: center;"" width=""100%"" align=""center""><a href=""https://special.qoo10.sg/edm2?8I-186024I-4895015I-4goaSoZE-8zPqrCF-125I-4ehhgzE-8D-7D-7DDDD-6qCC10D-6zED-7EbZhD-6SHoD-7ECCJzD-7ECCJzD-6BzgKF-3ECCJzoCJPF-1680617420C-8pBPeUSJF-1d180561298I-3"" name=""ANCHOR11474482"" target=""_blank""><img src=""http://dp.image-gmkt.com/dp2016/SG/design/JPbiz/2022/03/220310_jp_edm_item02_750_06.jpg"" alt="""" border=""0"" /></a></td>
</tr>
<tr style=""text-align: center;text-Align: center;"">
<td style=""font-size: 0px; padding: 20px 0px 0px 0px; text-align: center;text-Align: center;"" width=""100%"" align=""center""><a href=""https://special.qoo10.sg/edm2?9I-186024I-4895015I-4goaSoZE-8zPqrCF-126I-4ehhgzE-8D-7D-7DDDD-6qCC10D-6zED-7EbZhD-6SHoD-7ECCJzD-7ECCJzD-6BzgKF-3ECCJzoCJPF-1688031914C-8pBPeUSJF-1d180561298I-3"" name=""ANCHOR11474483"" target=""_blank""><img src=""http://dp.image-gmkt.com/dp2016/SG/design/JPbiz/2022/03/220310_jp_edm_item02_750_08.jpg"" alt="""" border=""0"" /></a></td>
<td style=""font-size: 0px; padding: 20px 0px 0px 0px; text-align: center;text-Align: center;"" width=""100%"" align=""center""><a href=""https://special.qoo10.sg/edm2?7I-186024I-4895015I-4goaSoZE-8zPqrCF-127I-4ehhgzE-8D-7D-7DDDD-6qCC10D-6zED-7EbZhD-6SHoD-7ECCJzD-7ECCJzD-6BzgKF-3ECCJzoCJPF-1700397913C-8pBPeUSJF-1d180561298I-3"" name=""ANCHOR11474484"" target=""_blank""><img src=""http://dp.image-gmkt.com/dp2016/SG/design/JPbiz/2022/03/220310_jp_edm_item02_750_04.jpg"" alt="""" border=""0"" /></a></td>
</tr>
<tr style=""text-align: center;text-Align: center;"">
<td style=""font-size: 0px; padding: 20px 0px 0px 0px; text-align: center;text-Align: center;"" width=""100%"" align=""center""><a href=""https://special.qoo10.sg/edm2?4I-186024I-4895015I-4goaSoZE-8zPqrCF-128I-4ehhgzE-8D-7D-7DDDD-6qCC10D-6zED-7EbZhD-6SHoD-7ECCJzD-7ECCJzD-6BzgKF-3ECCJzoCJPF-1684867912C-8pBPeUSJF-1d180561298I-3"" name=""ANCHOR11474485"" target=""_blank""><img src=""http://dp.image-gmkt.com/dp2016/SG/design/JPbiz/2022/03/220310_jp_edm_item02_750_10.jpg"" alt="""" border=""0"" /></a></td>
<td style=""font-size: 0px; padding: 20px 0px 0px 0px; text-align: center;text-Align: center;"" width=""100%"" align=""center""><a href=""https://special.qoo10.sg/edm2?7I-186024I-4895015I-4goaSoZE-8zPqrCF-129I-4ehhgzE-8D-7D-7DDDD-6qCC10D-6zED-7EbZhD-6SHoD-7ECCJzD-7ECCJzD-6BzgKF-3ECCJzoCJPF-1688308444C-8pBPeUSJF-1d180561298I-3"" name=""ANCHOR11474486"" target=""_blank""><img src=""http://dp.image-gmkt.com/dp2016/SG/design/JPbiz/2022/03/220310_jp_edm_item02_750_09.jpg"" alt="""" border=""0"" /></a></td>
</tr>
<tr style=""text-align: center;text-Align: center;"">
<td style=""font-size: 0px; padding: 20px 0px 0px 0px; text-align: center;text-Align: center;"" width=""100%"" align=""center""><a href=""https://special.qoo10.sg/edm2?7I-186024I-4895015I-4goaSoZE-8zPqrCF-130I-4ehhgzE-8D-7D-7DDDD-6qCC10D-6zED-7EbZhD-6SHoD-7ECCJzD-7ECCJzD-6BzgKF-3ECCJzoCJPF-1677764161C-8pBPeUSJF-1d180561298I-3"" name=""ANCHOR11474487"" target=""_blank""><img src=""http://dp.image-gmkt.com/dp2016/SG/design/JPbiz/2022/03/220310_jp_edm_item02_750_13.jpg"" alt="""" border=""0"" /></a></td>
<td style=""font-size: 0px; padding: 20px 0px 0px 0px; text-align: center;text-Align: center;"" width=""100%"" align=""center""><a href=""https://special.qoo10.sg/edm2?5I-186024I-4895015I-4goaSoZE-8zPqrCF-131I-4ehhgzE-8D-7D-7DDDD-6qCC10D-6zED-7EbZhD-6SHoD-7ECCJzD-7ECCJzD-6BzgKF-3ECCJzoCJPF-1690281698C-8pBPeUSJF-1d180561298I-3"" name=""ANCHOR11474488"" target=""_blank""><img src=""http://dp.image-gmkt.com/dp2016/SG/design/JPbiz/2022/03/220310_jp_edm_item02_750_12.jpg"" alt="""" border=""0"" /></a></td>
</tr>
<tr style=""text-align: center;text-Align: center;"">
<td style=""font-size: 0px; padding: 20px 0px 0px 0px; text-align: center;text-Align: center;"" width=""100%"" align=""center""><a href=""https://special.qoo10.sg/edm2?5I-186024I-4895015I-4goaSoZE-8zPqrCF-132I-4ehhgzE-8D-7D-7DDDD-6qCC10D-6zED-7EbZhD-6SHoD-7ECCJzD-7ECCJzD-6BzgKF-3ECCJzoCJPF-1680101385C-8pBPeUSJF-1d180561298I-3"" name=""ANCHOR11474489"" target=""_blank""><img src=""http://dp.image-gmkt.com/dp2016/SG/design/JPbiz/2022/03/220310_jp_edm_item02_750_14.jpg"" alt="""" border=""0"" /></a></td>
<td style=""font-size: 0px; padding: 20px 0px 0px 0px; text-align: center;text-Align: center;"" width=""100%"" align=""center""><a href=""https://special.qoo10.sg/edm2?5I-186024I-4895015I-4goaSoZE-8zPqrCF-133I-4ehhgzE-8D-7D-7DDDD-6qCC10D-6zED-7EbZhD-6SHoD-7ECCJzD-7ECCJzD-6BzgKF-3ECCJzoCJPF-1538341179C-8pBPeUSJF-1d180561298I-3"" name=""ANCHOR11474490"" target=""_blank""><img src=""http://dp.image-gmkt.com/dp2016/SG/design/JPbiz/2022/03/220310_jp_edm_item02_750_15.jpg"" alt="""" border=""0"" /></a></td>
</tr>
<tr style=""text-align: center;text-Align: center;"">
<td style=""font-size: 0px; padding: 20px 0px 0px 0px; text-align: center;text-Align: center;"" width=""100%"" align=""center""><a href=""https://special.qoo10.sg/edm2?4I-186024I-4895015I-4goaSoZE-8zPqrCF-134I-4ehhgzE-8D-7D-7DDDD-6qCC10D-6zED-7EbZhD-6SHoD-7ECCJzD-7ECCJzD-6BzgKF-3ECCJzoCJPF-1706758996C-8pBPeUSJF-1d180561298I-3"" name=""ANCHOR11474491"" target=""_blank""><img src=""http://dp.image-gmkt.com/dp2016/SG/design/JPbiz/2022/03/220310_jp_edm_item02_750_16.jpg"" alt="""" border=""0"" /></a></td>
<td style=""font-size: 0px; padding: 20px 0px 0px 0px; text-align: center;text-Align: center;"" width=""100%"" align=""center""><a href=""https://special.qoo10.sg/edm2?8I-186024I-4895015I-4goaSoZE-8zPqrCF-135I-4ehhgzE-8D-7D-7DDDD-6qCC10D-6zED-7EbZhD-6SHoD-7ECCJzD-7ECCJzD-6BzgKF-3ECCJzoCJPF-1689098541C-8pBPeUSJF-1d180561298I-3"" name=""ANCHOR11474492"" target=""_blank""><img src=""http://dp.image-gmkt.com/dp2016/SG/design/JPbiz/2022/03/220310_jp_edm_item02_750_17.jpg"" alt="""" border=""0"" /></a></td>
</tr>
<tr style=""text-align: center;text-Align: center;"">
<td style=""font-size: 0px; padding: 20px 0px 0px 0px; text-align: center;text-Align: center;"" width=""100%"" align=""center""><a href=""https://special.qoo10.sg/edm2?3I-186024I-4895015I-4goaSoZE-8zPqrCF-136I-4ehhgzE-8D-7D-7DDDD-6qCC10D-6zED-7EbZhD-6SHoD-7ECCJzD-7ECCJzD-6BzgKF-3ECCJzoCJPF-1680088177C-8pBPeUSJF-1d180561298I-3"" name=""ANCHOR11474493"" target=""_blank""><img src=""http://dp.image-gmkt.com/dp2016/SG/design/JPbiz/2022/03/220310_jp_edm_item02_750_18.jpg"" alt="""" border=""0"" /></a></td>
<td style=""font-size: 0px; padding: 20px 0px 0px 0px; text-align: center;text-Align: center;"" width=""100%"" align=""center""><a href=""https://special.qoo10.sg/edm2?5I-186024I-4895015I-4goaSoZE-8zPqrCF-137I-4ehhgzE-8D-7D-7DDDD-6qCC10D-6zED-7EbZhD-6SHoD-7ECCJzD-7ECCJzD-6BzgKF-3ECCJzoCJPF-1672344505C-8pBPeUSJF-1d180561298I-3"" name=""ANCHOR11474494"" target=""_blank""><img src=""http://dp.image-gmkt.com/dp2016/SG/design/JPbiz/2022/03/220310_jp_edm_item02_750_11.jpg"" alt="""" border=""0"" /></a></td>
</tr>
<tr style=""text-align: center;text-Align: center;"">
<td style=""font-size: 0px; padding: 20px 0px 0px 0px; text-align: center;text-Align: center;"" width=""100%"" colspan=""2"" align=""center""><a href=""https://special.qoo10.sg/edm2?2I-186024I-4895015I-4goaSoZE-8zPqrCF-138I-4ehhgzE-8D-7D-7DDDD-6qCC10D-6zED-7zeCgD-7QUUvPI-5lsF-3mShF-1706225040C-8pBPeUSJF-1d180561298I-3"" name=""ANCHOR11474495"" target=""_blank""><img src=""https://dp.image-gmkt.com/dp2016/SG/design/JPbiz/2022/03/220310_shiroi.jpg"" width=""100%"" alt="""" /></a></td>
</tr>
<tr style=""text-align: center;text-Align: center;"">
<td style=""font-size: 0px; padding: 20px 0px 0px 0px; text-align: center;text-Align: center;"" width=""100%"" colspan=""2"" align=""center""><a href=""https://special.qoo10.sg/edm2?7I-186024I-4895015I-4goaSoZE-8zPqrCF-139I-4ehhgzE-8D-7D-7DDDD-6qCC10D-6zED-7EbZhD-6SHoD-7RgPoSBaD-7RgPoSBaD-6BzgKF-3zSJF-1225056C-8pBPeUSJF-1d180561298I-3"" name=""ANCHOR11474496"" target=""_blank""><img src=""https://dp.image-gmkt.com/dp2016/SG/design/JPbiz/2021/01/210127_sgjp_drugstore_750x300.jpg"" width=""100%"" alt="""" /></a></td>
</tr>
</tbody>
</table>
<!--category -->
<table border=""0"" width=""750"" style=""margin-left:auto;margin-right:auto;"" cellpadding=""0"" cellspacing=""0"" align=""center"">
<tbody>
<tr style=""text-align: center;text-Align: center;"">
<td height=""10"" style=""font-size: 0px; padding: 40px 0px 0px 0px; text-align: center;text-Align: center;"" width=""100%"" align=""center"" colspan=""3""><img src=""http://dp.image-gmkt.com/dp2016/SG/design/JPbiz/2020/09/cate_title.jpg"" alt="""" width=""100%"" /></td>
</tr>
<tr style=""text-align: center;text-Align: center;"">
<td height=""10"" style=""font-size: 0px; padding: 0px; text-align: center;text-Align: center;"" width=""100%"" align=""center""><a href=""https://special.qoo10.sg/edm2?5I-186024I-4895015I-4goaSoZE-8zPqrCF-140I-4ehhgzE-8D-7D-7DDDD-6qCC10D-6zED-7EbZhD-6SHoD-7RgPoSBaD-7RgPoSBaD-6BzgKF-3zSJF-1188365C-8pBPeUSJF-1d180561298C-5zUvhePbPI-5415525I-3"" name=""ANCHOR11474497"" target=""_blank""><img src=""http://dp.image-gmkt.com/dp2016/SG/design/JPbiz/2021/04/210423_edm_category_750_01.jpg"" alt="""" /></a></td>
<td height=""10"" style=""font-size: 0px; padding: 0px; text-align: center;text-Align: center;"" width=""100%"" align=""center""><a href=""https://special.qoo10.sg/edm2?8I-186024I-4895015I-4goaSoZE-8zPqrCF-141I-4ehhgzE-8D-7D-7DDDD-6qCC10D-6zED-7EbZhD-6SHoD-7RgPoSBaD-7RgPoSBaD-6BzgKF-3zSJF-1188365C-8pBPeUSJF-1d180561298C-5zUvhePbPI-5417699I-3"" name=""ANCHOR11474498"" target=""_blank""><img src=""http://dp.image-gmkt.com/dp2016/SG/design/JPbiz/2021/04/210423_edm_category_750_02.jpg"" alt="""" /></a></td>
<td height=""10"" style=""font-size: 0px; padding: 0px; text-align: center;text-Align: center;"" width=""100%"" align=""center""><a href=""https://special.qoo10.sg/edm2?5I-186024I-4895015I-4goaSoZE-8zPqrCF-142I-4ehhgzE-8D-7D-7DDDD-6qCC10D-6zED-7EbZhD-6SHoD-7RgPoSBaD-7RgPoSBaD-6BzgKF-3zSJF-1188365C-8pBPeUSJF-1d180561298C-5zUvhePbPI-5421545I-3"" name=""ANCHOR11474499"" target=""_blank""><img src=""http://dp.image-gmkt.com/dp2016/SG/design/JPbiz/2021/04/210423_edm_category_750_03.jpg"" alt="""" /></a></td>
</tr>
<tr style=""text-align: center;text-Align: center;"">
<td height=""10"" style=""font-size: 0px; padding: 0px; text-align: center;text-Align: center;"" width=""100%"" align=""center""><a href=""https://special.qoo10.sg/edm2?2I-186024I-4895015I-4goaSoZE-8zPqrCF-143I-4ehhgzE-8D-7D-7DDDD-6qCC10D-6zED-7EbZhD-6SHoD-7RgPoSBaD-7RgPoSBaD-6BzgKF-3zSJF-1188365C-8pBPeUSJF-1d180561298C-5zUvhePbPI-5414658I-3"" name=""ANCHOR11474500"" target=""_blank""><img src=""http://dp.image-gmkt.com/dp2016/SG/design/JPbiz/2021/04/210423_edm_category_750_04.jpg"" alt="""" /></a></td>
<td height=""10"" style=""font-size: 0px; padding: 0px; text-align: center;text-Align: center;"" width=""100%"" align=""center""><a href=""https://special.qoo10.sg/edm2?6I-186024I-4895015I-4goaSoZE-8zPqrCF-144I-4ehhgzE-8D-7D-7DDDD-6qCC10D-6zED-7EbZhD-6SHoD-7RgPoSBaD-7RgPoSBaD-6BzgKF-3zSJF-1188365C-8pBPeUSJF-1d180561298C-5zUvhePbPI-5413757I-3"" name=""ANCHOR11474501"" target=""_blank""><img src=""http://dp.image-gmkt.com/dp2016/SG/design/JPbiz/2021/04/210423_edm_category_750_05.jpg"" alt="""" /></a></td>
<td height=""10"" style=""font-size: 0px; padding: 0px; text-align: center;text-Align: center;"" width=""100%"" align=""center""><a href=""https://special.qoo10.sg/edm2?9I-186024I-4895015I-4goaSoZE-8zPqrCF-145I-4ehhgzE-8D-7D-7DDDD-6qCC10D-6zED-7EbZhD-6SHoD-7RgPoSBaD-7RgPoSBaD-6BzgKF-3zSJF-1188365C-8pBPeUSJF-1d180561298C-5zUvhePbPI-5417277I-3"" name=""ANCHOR11474502"" target=""_blank""><img src=""http://dp.image-gmkt.com/dp2016/SG/design/JPbiz/2021/04/210423_edm_category_750_06.jpg"" alt="""" /></a></td>
</tr>
<tr style=""text-align: center;text-Align: center;"">
<td height=""10"" style=""font-size: 0px; padding: 0px; text-align: center;text-Align: center;"" width=""100%"" align=""center""><a href=""https://special.qoo10.sg/edm2?9I-186024I-4895015I-4goaSoZE-8zPqrCF-146I-4ehhgzE-8D-7D-7DDDD-6qCC10D-6zED-7EbZhD-6SHoD-7RgPoSBaD-7RgPoSBaD-6BzgKF-3zSJF-1188365C-8pBPeUSJF-1d180561298C-5zUvhePbPI-5331833I-3"" name=""ANCHOR11474503"" target=""_blank""><img src=""http://dp.image-gmkt.com/dp2016/SG/design/JPbiz/2021/04/210423_edm_category_750_07.jpg"" alt="""" /></a></td>
<td height=""10"" style=""font-size: 0px; padding: 0px; text-align: center;text-Align: center;"" width=""100%"" align=""center""><a href=""https://special.qoo10.sg/edm2?1I-186024I-4895015I-4goaSoZE-8zPqrCF-147I-4ehhgzE-8D-7D-7DDDD-6qCC10D-6zED-7EbZhD-6SHoD-7RgPoSBaD-7RgPoSBaD-6BzgKF-3zSJF-1188365C-8pBPeUSJF-1d180561298C-5zUvhePbPI-5413629I-3"" name=""ANCHOR11474504"" target=""_blank""><img src=""http://dp.image-gmkt.com/dp2016/SG/design/JPbiz/2021/04/210423_edm_category_750_08.jpg"" alt="""" /></a></td>
<td height=""10"" style=""font-size: 0px; padding: 0px; text-align: center;text-Align: center;"" width=""100%"" align=""center""><a href=""https://special.qoo10.sg/edm2?7I-186024I-4895015I-4goaSoZE-8zPqrCF-148I-4ehhgzE-8D-7D-7DDDD-6qCC10D-6zED-7EbZhD-6SHoD-7RgPoSBaD-7RgPoSBaD-6BzgKF-3zSJF-1188365C-8pBPeUSJF-1d180561298C-5zUvhePbPI-5416657I-3"" name=""ANCHOR11474505"" target=""_blank""><img src=""http://dp.image-gmkt.com/dp2016/SG/design/JPbiz/2021/04/210423_edm_category_750_09.jpg"" alt="""" /></a></td>
</tr>
<tr style=""text-align: center;text-Align: center;"">
<td height=""10"" style=""font-size: 0px; padding: 0px; text-align: center;text-Align: center;"" width=""100%"" align=""center""><a href=""https://special.qoo10.sg/edm2?3I-186024I-4895015I-4goaSoZE-8zPqrCF-149I-4ehhgzE-8D-7D-7DDDD-6qCC10D-6zED-7EbZhD-6SHoD-7RgPoSBaD-7RgPoSBaD-6BzgKF-3zSJF-1188365C-8pBPeUSJF-1d180561298C-5zUvhePbPI-5428500I-3"" name=""ANCHOR11474506"" target=""_blank""><img src=""http://dp.image-gmkt.com/dp2016/SG/design/JPbiz/2021/04/210423_edm_category_750_10.jpg"" alt="""" /></a></td>
<td height=""10"" style=""font-size: 0px; padding: 0px; text-align: center;text-Align: center;"" width=""100%"" align=""center""><a href=""https://special.qoo10.sg/edm2?8I-186024I-4895015I-4goaSoZE-8zPqrCF-150I-4ehhgzE-8D-7D-7DDDD-6qCC10D-6zED-7EbZhD-6SHoD-7RgPoSBaD-7RgPoSBaD-6BzgKF-3zSJF-1188365C-8pBPeUSJF-1d180561298C-5zUvhePbPI-5409086I-3"" name=""ANCHOR11474507"" target=""_blank""><img src=""http://dp.image-gmkt.com/dp2016/SG/design/JPbiz/2021/04/210423_edm_category_750_11.jpg"" alt="""" /></a></td>
<td height=""10"" style=""font-size: 0px; padding: 0px; text-align: center;text-Align: center;"" width=""100%"" align=""center""><a href=""https://special.qoo10.sg/edm2?6I-186024I-4895015I-4goaSoZE-8zPqrCF-151I-4ehhgzE-8D-7D-7DDDD-6qCC10D-6zED-7EbZhD-6SHoD-7RgPoSBaD-7RgPoSBaD-6BzgKF-3zSJF-1188365C-8pBPeUSJF-1d180561298C-5zUvhePbPI-5427433I-3"" name=""ANCHOR11474508"" target=""_blank""><img src=""http://dp.image-gmkt.com/dp2016/SG/design/JPbiz/2021/04/210423_edm_category_750_12.jpg"" alt="""" /></a></td>
</tr>
<tr style=""text-align: center;text-Align: center;"">
<td style=""font-size: 0px; padding: 0px; text-align: center;text-Align: center;"" width=""100%"" colspan=""2"" align=""center""></td>
</tr>
</tbody>
</table>
<!--end -->
<p style=""text-align: center;text-Align: center;""></p>
<!--end -->
<p style=""text-align: center;text-Align: center;""></p>
<!--Start of External Links -->
<table border=""0"" width=""750"" style=""margin-left:auto;margin-right:auto;"" cellpadding=""0"" cellspacing=""0"" align=""center"">
<tbody>
<tr style=""text-align: center;text-Align: center;"">
<td style=""text-align: center;text-Align: center;""><a href=""https://special.qoo10.sg/edm2?5I-186024I-4895015I-4goaSoZE-8zPqrCF-152I-4ehhgzE-8D-7D-7DDDD-6qCC10D-6zEF-3pBPeUSJF-1d180561298I-3"" name=""ANCHOR11474509"" target=""_blank""><img src=""http://dp.image-gmkt.com/dp2016/SG/design/CM1/2019/Beauty/07_July/EDM/ExternalLinks_01.jpg"" width=""188"" height=""70"" alt="""" /></a></td>
<td style=""text-align: center;text-Align: center;""><a href=""https://special.qoo10.sg/edm2?5I-186024I-4895015I-4goaSoZE-8zPqrCF-153I-4ehhgzE-8D-7D-7DDDD-6qCC10D-6zED-7nScP10F-3pBPeUSJF-1d180561298I-3"" name=""ANCHOR11474510"" target=""_blank""><img src=""http://dp.image-gmkt.com/dp2016/SG/design/CM1/2019/Beauty/07_July/EDM/ExternalLinks_02.jpg"" width=""187"" height=""70"" alt="""" /></a></td>
<td style=""text-align: center;text-Align: center;""><a href=""https://special.qoo10.sg/edm2?6I-186024I-4895015I-4goaSoZE-8zPqrCF-154I-4ehhgzE-8D-7D-7DDDD-6qUUvPD-6KAYF-3pBPeUSJF-1d180561298I-3"" name=""ANCHOR11474511"" target=""_blank""><img src=""http://dp.image-gmkt.com/dp2016/SG/design/CM1/2019/Beauty/07_July/EDM/ExternalLinks_03.jpg"" width=""187"" height=""70"" alt="""" /></a></td>
<td style=""text-align: center;text-Align: center;""><a href=""https://special.qoo10.sg/edm2?2I-186024I-4895015I-4goaSoZE-8zPqrCF-155I-4ehhgE-8D-7D-7vaCED-6qCC10D-6zEF-3pBPeUSJF-1d180561298I-3"" name=""ANCHOR11474512"" target=""_blank""><img src=""http://dp.image-gmkt.com/dp2016/SG/design/CM1/2019/Beauty/07_July/EDM/ExternalLinks_04.jpg"" width=""188"" height=""70"" alt="""" /></a></td>
</tr>
</tbody>
</table>
<!--End of External Links -->
<p style=""text-align: center;text-Align: center;""></p>
<!--Start of Footer -->
<table border=""0"" width=""750"" style=""padding-bottom: 50px;margin-left:auto;margin-right:auto;"" cellpadding=""0"" cellspacing=""0"" align=""center"">
<tbody>
<tr style=""text-align: center;text-Align: center;"">
<td style=""text-align: center; font-size: 24px; font-family: Arial; color: #555555; font-weight: bold; padding-bottom: 15px;text-Align: center;"">
<p style=""text-align: center;text-Align: center;"">
<img src=""http://dp.image-gmkt.com/dp2016/SG/design/CM1/2019/Beauty/07_July/EDM/follow.jpg?1"" />
 <a href=""https://special.qoo10.sg/edm2?5I-186024I-4895015I-4goaSoZE-8zPqrCF-156I-4ehhgzE-8D-7D-7DDDD-6mBoPvCCZD-6oCbD-7QCC10RSHEBgCuPD-7I-3"" name=""ANCHOR11474513"" target=""_blank"">
 <img src=""http://dp.image-gmkt.com/dp2016/SG/design/CM1/2019/Beauty/07_July/EDM/FB.jpg"" style=""margin-left: 5px;"" />
 </a>
 <a href=""https://special.qoo10.sg/edm2?4I-186024I-4895015I-4goaSoZE-8zPqrCF-157I-4ehhgzE-8D-7D-7DDDD-6SHzhBEuBbD-6oCbD-7qCC10zEI-3"" name=""ANCHOR11474514"" target=""_blank"">
 <img src=""http://dp.image-gmkt.com/dp2016/SG/design/CM1/2019/Beauty/07_July/EDM/IG.jpg"" style=""margin-left: 5px;"" />
 </a>
 <a href=""https://special.qoo10.sg/edm2?8I-186024I-4895015I-4goaSoZE-8zPqrCF-158I-4ehhgzE-8D-7D-7DDDD-6ACUhUvPD-6oCbD-7oeBHHPaD-7TfhuPVD-528y79M14I-52BLDJwfdF-3zUvI-5oCHmSubBhSCHF-11I-3"" name=""ANCHOR11474515"" target=""_blank"">
 <img src=""http://dp.image-gmkt.com/dp2016/SG/design/CM1/2019/Beauty/07_July/EDM/YT.jpg"" style=""margin-left: 5px;"" />
 </a>
</p>

</td>
</tr>
<tr style=""text-align: center;text-Align: center;"">
<td style=""text-align: center; font-size: 12px; font-family: Arial; color: #5f5f5f;text-Align: center;"">
<p style=""text-align: center;text-Align: center;"">
Thank you for shopping with us, come back for more exciting rewards and discounts.<br />
 Please do not reply to this e-mail as we are not able to respond to the messages sent to this e-mail address.<br />
 - If you do not wish to receive this email, please log in to <a href=""https://special.qoo10.sg/edm2?6I-186024I-4895015I-4goaSoZE-8zPqrCF-159I-4ehhgE-8D-7D-7DDDD-6qCC10D-6zED-7EbZhD-6SHoD-7NAD-7iJShNPbvPuD-6BzgKF-3pBPeUSJF-1d180561298I-3"" name=""ANCHOR11474516"" target=""_blank"">
 [My Qoo10]</a>
 and change your Newsletter subscription status.<br />
 - Prices and product information are subject to changes and may differ from what has been advertised in this mail.</p>

<p style=""text-align: center;text-Align: center;"">Copyright (C) 2022 Qoo10 Pte. Ltd.. All Rights Reserved.</p>
</td>
</tr>
</tbody>
</table>
<!--End of Footer -->
<p style=""text-align: center;text-Align: center;""></p>
</body>
</html>
"
Golf Stuff Singapore and 7 others are new Group suggestions for you,"""Facebook"" <groupupdates@facebookmail.com>",
<ADV>WIN a new Omnidesk for your home and unwind at the zoo this marvelous March.,"""Singtel Rewards"" <g-stmarketin@engage.singtel.com>","<!doctype html>
    <html xmlns=""http://www.w3.org/1999/xhtml"" xmlns:v=""urn:schemas-microsoft-com:vml"" xmlns:o=""urn:schemas-microsoft-com:office:office"">
      <head>
        <title>
          
        </title>
        <!--[if !mso]><!-->
        <meta http-equiv=""X-UA-Compatible"" content=""IE=edge"">
        <!--<![endif]-->
        <meta http-equiv=""Content-Type"" content=""text/html; charset=UTF-8"">
        <meta name=""viewport"" content=""width=device-width, initial-scale=1"">
        <style type=""text/css"">
          #outlook a { padding:0; }
          body { margin:0;padding:0;-webkit-text-size-adjust:100%;-ms-text-size-adjust:100%; }
          table, td { border-collapse:collapse;mso-table-lspace:0pt;mso-table-rspace:0pt; }
          img { border:0;height:auto;line-height:100%; outline:none;text-decoration:none;-ms-interpolation-mode:bicubic; }
          p { display:block;margin:13px 0; }
        </style>
        <!--[if mso]>
        <xml>
        <o:OfficeDocumentSettings>
          <o:AllowPNG/>
          <o:PixelsPerInch>96</o:PixelsPerInch>
        </o:OfficeDocumentSettings>
        </xml>
        <![endif]-->
        <!--[if lte mso 11]>
        <style type=""text/css"">
          .mj-outlook-group-fix { width:100% !important; }
        </style>
        <![endif]-->
        
        
    <style type=""text/css"">
      @media only screen and (min-width:480px) {
        .mj-column-per-100 { width:100% !important; max-width: 100%; }
.mj-column-per-50 { width:50% !important; max-width: 50%; }
.mj-column-per-10 { width:10% !important; max-width: 10%; }
.mj-column-per-80 { width:80% !important; max-width: 80%; }
.mj-column-per-48 { width:48% !important; max-width: 48%; }
.mj-column-per-4 { width:4% !important; max-width: 4%; }
      }
    </style>
    
  
        <style type=""text/css"">
        
        

    @media only screen and (max-width:480px) {
      table.mj-full-width-mobile { width: 100% !important; }
      td.mj-full-width-mobile { width: auto !important; }
    }
  
        </style>
        
        
      </head>
      <body style=""word-spacing:normal;background-color:#ffffff;""><table cellpadding=""0"" cellspacing=""0"" style=""border: 0px; padding: 0px; margin: 0px; position: absolute; display: none; float: left"">
<tr>
<td height=""1"" style=""font-size: 1px; line-height: 1px; padding: 0px;"">
<img src=""https://engage.singtel.com/pub/as?_ri_=X0Gzc2X%3DAQpglLjHJlCQGzekgAzadwGOPCJKy52rm4PRiK3LKd9nUzdzgg9FGX58dg1wK20j80zdWlj0sL6dfwr7KVXHkMX%3Dw&_ei_=EUlaGGF4SNMvxFF7KucKuWPWcyjTumSw3wvZgC8ZdU0ju4ofLGW6wSg0yQTe7Ldg8AKbp4MzE0lv6J08lx4.""></img>
<!--Start BK pixel--><IMG SRC=""https://tags.bluekai.com/site/69890?e_id_s69890=7911623dc9cde94fd7409528521b29cca0a01d64f449460a33f058ecba77b780&e_id_m69890=13b5bbf887f69500dec72e2ae32bb84b"" HEIGHT=""1"" WIDTH=""1""><br/><br/><!--End BK pixel-->
</td>
</tr>
</table>

        
        
      <div
         style=""background-color:#ffffff;""
      >
        
      
      <!--[if mso | IE]><table align=""center"" border=""0"" cellpadding=""0"" cellspacing=""0"" class="""" style=""width:640px;"" width=""640"" ><tr><td style=""line-height:0px;font-size:0px;mso-line-height-rule:exactly;""><![endif]-->
    
      
      <div  style=""background:#1d3444;background-color:#1d3444;margin:0px auto;max-width:640px;"">
        
        <table
           align=""center"" border=""0"" cellpadding=""0"" cellspacing=""0"" role=""presentation"" style=""background:#1d3444;background-color:#1d3444;width:100%;""
        >
          <tbody>
            <tr>
              <td
                 style=""border:none;direction:ltr;font-size:0px;padding:0px;text-align:center;""
              >
                <!--[if mso | IE]><table role=""presentation"" border=""0"" cellpadding=""0"" cellspacing=""0""><tr><td class="""" style=""width:640px;"" ><![endif]-->
            
      <div
         class=""mj-column-per-100 mj-outlook-group-fix"" style=""font-size:0;line-height:0;text-align:left;display:inline-block;width:100%;direction:ltr;""
      >
        <!--[if mso | IE]><table border=""0"" cellpadding=""0"" cellspacing=""0"" role=""presentation"" ><tr><td style=""vertical-align:top;width:320px;"" ><![endif]-->
                
      <div
         class=""mj-column-per-50 mj-outlook-group-fix"" style=""font-size:0px;text-align:left;direction:ltr;display:inline-block;vertical-align:top;width:50%;""
      >
        
      <table
         border=""0"" cellpadding=""0"" cellspacing=""0"" role=""presentation"" style=""background-color:#1d3444;vertical-align:top;"" width=""100%""
      >
        <tbody>
          
              <tr>
                <td
                   align=""left"" style=""font-size:0px;padding:10px 25px;word-break:break-word;""
                >
                  
      <div
         style=""font-family:Arial, sans-serif;font-size:13px;line-height:1;text-align:left;color:#FFFFFF;""
      ><span style=""font-size: 10px; line-height: 14px;"">
	    Exclusive Rewards</span></div>
    
                </td>
              </tr>
            
        </tbody>
      </table>
    
      </div>
    
              <!--[if mso | IE]></td><td style=""vertical-align:top;width:320px;"" ><![endif]-->
                
      <div
         class=""mj-column-per-50 mj-outlook-group-fix"" style=""font-size:0px;text-align:left;direction:ltr;display:inline-block;vertical-align:top;width:50%;""
      >
        
      <table
         border=""0"" cellpadding=""0"" cellspacing=""0"" role=""presentation"" style=""background-color:#1d3444;vertical-align:top;"" width=""100%""
      >
        <tbody>
          
              <tr>
                <td
                   align=""right"" style=""font-size:0px;padding:10px 25px;word-break:break-word;""
                >
                  
      <div
         style=""font-family:Arial, sans-serif;font-size:13px;line-height:1;text-align:right;color:#FFFFFF;""
      ><span style=""font-size: 10px; line-height: 14px;""> 
		    View this email 
        <a href=""https://engage.singtel.com/pub/cc?_ri_=X0Gzc2X%3DAQpglLjHJlCQGzekgAzadwGOPCJKy52rm4PRiK3LKd9nUzdzgg9FGX58dg1wK20j80zdWlj0sL6dfwr7KVXtpKX%3DBAUUCC&amp;_ei_=EXRNmPnYx3jyy-NNS5GTZzB6gX8Ik7_PMmaS75rUt8cC6RQ8I0p5kvpQrYaGLEtTTI8i7oqc-s64b2rne07BsVcMinFrp-y4gtDCglK3E0pHAf9P0IlSEhckH7bC6_LwAhIHWzg-ucbwY8ypqmnmHaCllzUPg-i3b9K59OX7O8W4OtSa55PJ-19khKGNtX0D5V1r3XsxJLUEeUepRM6__k7OK5K2-HjTdfCTjk7sxhU_.&amp;_di_=ucukqgqo3g3ob3uvogb6h7hqn0kp55p642fm394d83k4kdn94lh0"" style=""color:#FFFFFF; text-decoration: underline;"" target=""_blank"">
        online</a>.  
      </span></div>
    
                </td>
              </tr>
            
        </tbody>
      </table>
    
      </div>
    
              <!--[if mso | IE]></td></tr></table><![endif]-->
      </div>
    
          <!--[if mso | IE]></td></tr></table><![endif]-->
              </td>
            </tr>
          </tbody>
        </table>
        
      </div>
    
      
      <!--[if mso | IE]></td></tr></table><table align=""center"" border=""0"" cellpadding=""0"" cellspacing=""0"" class="""" style=""width:640px;"" width=""640"" ><tr><td style=""line-height:0px;font-size:0px;mso-line-height-rule:exactly;""><![endif]-->
    
      
      <div  style=""background:#ed1a3d;background-color:#ed1a3d;margin:0px auto;max-width:640px;"">
        
        <table
           align=""center"" border=""0"" cellpadding=""0"" cellspacing=""0"" role=""presentation"" style=""background:#ed1a3d;background-color:#ed1a3d;width:100%;""
        >
          <tbody>
            <tr>
              <td
                 style=""border:none;direction:ltr;font-size:0px;padding:0px;text-align:center;""
              >
                <!--[if mso | IE]><table role=""presentation"" border=""0"" cellpadding=""0"" cellspacing=""0""><tr><td class="""" style=""vertical-align:top;width:640px;"" ><![endif]-->
            
      <div
         class=""mj-column-per-100 mj-outlook-group-fix"" style=""font-size:0px;text-align:left;direction:ltr;display:inline-block;vertical-align:top;width:100%;""
      >
        
      <table
         border=""0"" cellpadding=""0"" cellspacing=""0"" role=""presentation"" style=""vertical-align:top;"" width=""100%""
      >
        <tbody>
          
              <tr>
                <td
                   align=""center"" style=""font-size:0px;padding:0px;word-break:break-word;""
                >
                  
      <table
         border=""0"" cellpadding=""0"" cellspacing=""0"" role=""presentation"" style=""border-collapse:collapse;border-spacing:0px;""
      >
        <tbody>
          <tr>
            <td  style=""width:640px;"">
              
      <img
         alt=""key visual"" height=""auto"" src=""https://static.cdn.responsys.net/i8/responsysimages/singapore/contentlibrary/campaigns/20220310_RR_DELIGHTS_EDM_BTL_CURWREGC/img/edm_640x640_headerKV.jpg"" style=""border:0;display:block;outline:none;text-decoration:none;height:auto;width:100%;font-size:13px;"" width=""640""
      />
    
            </td>
          </tr>
        </tbody>
      </table>
    
                </td>
              </tr>
            
        </tbody>
      </table>
    
      </div>
    
          <!--[if mso | IE]></td></tr></table><![endif]-->
              </td>
            </tr>
          </tbody>
        </table>
        
      </div>
    
      
      <!--[if mso | IE]></td></tr></table><table align=""center"" border=""0"" cellpadding=""0"" cellspacing=""0"" class="""" style=""width:640px;"" width=""640"" ><tr><td style=""line-height:0px;font-size:0px;mso-line-height-rule:exactly;""><![endif]-->
    
      
      <div  style=""background:#ed1a3d;background-color:#ed1a3d;margin:0px auto;max-width:640px;"">
        
        <table
           align=""center"" border=""0"" cellpadding=""0"" cellspacing=""0"" role=""presentation"" style=""background:#ed1a3d;background-color:#ed1a3d;width:100%;""
        >
          <tbody>
            <tr>
              <td
                 style=""direction:ltr;font-size:0px;padding:0px 0px 0px 10px;text-align:center;""
              >
                <!--[if mso | IE]><table role=""presentation"" border=""0"" cellpadding=""0"" cellspacing=""0""><tr><td class="""" style=""vertical-align:top;width:630px;"" ><![endif]-->
            
      <div
         class=""mj-column-per-100 mj-outlook-group-fix"" style=""font-size:0px;text-align:left;direction:ltr;display:inline-block;vertical-align:top;width:100%;""
      >
        
      <table
         border=""0"" cellpadding=""0"" cellspacing=""0"" role=""presentation"" style=""vertical-align:top;"" width=""100%""
      >
        <tbody>
          
              <tr>
                <td
                   align=""left"" style=""font-size:0px;padding:10px 25px;word-break:break-word;""
                >
                  
      <div
         style=""font-family:Arial, sans-serif;font-size:13px;line-height:1;text-align:left;color:#ffffff;""
      ><span style=""font-size: 16px; line-height: 20px;""> Hello Koong Kong Yick,</span></div>
    
                </td>
              </tr>
            
        </tbody>
      </table>
    
      </div>
    
          <!--[if mso | IE]></td></tr></table><![endif]-->
              </td>
            </tr>
          </tbody>
        </table>
        
      </div>
    
      
      <!--[if mso | IE]></td></tr></table><table align=""center"" border=""0"" cellpadding=""0"" cellspacing=""0"" class="""" style=""width:640px;"" width=""640"" ><tr><td style=""line-height:0px;font-size:0px;mso-line-height-rule:exactly;""><![endif]-->
    
      
      <div  style=""background:#ed1a3d;background-color:#ed1a3d;margin:0px auto;max-width:640px;"">
        
        <table
           align=""center"" border=""0"" cellpadding=""0"" cellspacing=""0"" role=""presentation"" style=""background:#ed1a3d;background-color:#ed1a3d;width:100%;""
        >
          <tbody>
            <tr>
              <td
                 style=""direction:ltr;font-size:0px;padding:0px 10px 0px 10px;text-align:center;""
              >
                <!--[if mso | IE]><table role=""presentation"" border=""0"" cellpadding=""0"" cellspacing=""0""><tr><td class="""" style=""vertical-align:top;width:620px;"" ><![endif]-->
            
      <div
         class=""mj-column-per-100 mj-outlook-group-fix"" style=""font-size:0px;text-align:left;direction:ltr;display:inline-block;vertical-align:top;width:100%;""
      >
        
      <table
         border=""0"" cellpadding=""0"" cellspacing=""0"" role=""presentation"" style=""vertical-align:top;"" width=""100%""
      >
        <tbody>
          
              <tr>
                <td
                   align=""left"" style=""font-size:0px;padding:10px 25px;word-break:break-word;""
                >
                  
      <div
         style=""font-family:Arial, sans-serif;font-size:13px;line-height:1;text-align:left;color:#ffffff;""
      ><span style=""font-size: 20px; line-height: 26px;"">         
    Be one of the 5 lucky winners to walk away with an </br>Omnidesk Pro 2020 (worth SGD 750) to boost your productivity in your home office space.
 <br/><br/>

           Contest ends on 23 Mar '22. 

          </span></div>
    
                </td>
              </tr>
            
        </tbody>
      </table>
    
      </div>
    
          <!--[if mso | IE]></td></tr></table><![endif]-->
              </td>
            </tr>
          </tbody>
        </table>
        
      </div>
    
      
      <!--[if mso | IE]></td></tr></table><table align=""center"" border=""0"" cellpadding=""0"" cellspacing=""0"" class="""" style=""width:640px;"" width=""640"" ><tr><td style=""line-height:0px;font-size:0px;mso-line-height-rule:exactly;""><![endif]-->
    
      
      <div  style=""background:#ed1a3d;background-color:#ed1a3d;margin:0px auto;max-width:640px;"">
        
        <table
           align=""center"" border=""0"" cellpadding=""0"" cellspacing=""0"" role=""presentation"" style=""background:#ed1a3d;background-color:#ed1a3d;width:100%;""
        >
          <tbody>
            <tr>
              <td
                 style=""direction:ltr;font-size:0px;padding:20px 0px 10px 0px;text-align:center;""
              >
                <!--[if mso | IE]><table role=""presentation"" border=""0"" cellpadding=""0"" cellspacing=""0""><tr><td class="""" style=""vertical-align:top;width:640px;"" ><![endif]-->
            
      <div
         class=""mj-column-per-100 mj-outlook-group-fix"" style=""font-size:0px;text-align:left;direction:ltr;display:inline-block;vertical-align:top;width:100%;""
      >
        
      <table
         border=""0"" cellpadding=""0"" cellspacing=""0"" role=""presentation"" style=""vertical-align:top;"" width=""100%""
      >
        <tbody>
          
              <tr>
                <td
                   align=""center"" vertical-align=""middle"" style=""font-size:0px;padding:10px 25px;word-break:break-word;""
                >
                  
      <table
         border=""0"" cellpadding=""0"" cellspacing=""0"" role=""presentation"" style=""border-collapse:separate;line-height:100%;""
      >
        <tr>
          <td
             align=""center"" bgcolor=""#1d3444"" role=""presentation"" style=""border:none;border-radius:20px;cursor:auto;mso-padding-alt:10px 18px;background:#1d3444;"" valign=""middle""
          >
            <a
               href=""https://engage.singtel.com/pub/cc?_ri_=X0Gzc2X%3DAQpglLjHJlCQGzekgAzadwGOPCJKy52rm4PRiK3LKd9nUzdzgg9FGX58dg1wK20j80zdWlj0sL6dfwr7KVXtpKX%3DBAUWRC&amp;_ei_=EW2tf9zs59idfPO1Sc_9Bbmnmvbsm-StC_1q-E4m55PNoYVkdXoxzI4M_qizIwP1gmdJ9oJ5nuekKhFm9M3Zu5PY3l-zP0.&amp;_di_=96jbfj5dis5nhdc064s00qt3m0epgi7si7hggp0gp3ld60k8r2f0"" style=""display:inline-block;background:#1d3444;color:#ffffff;font-family:Arial, sans-serif;font-size:18px;font-weight:normal;line-height:120%;margin:0;text-decoration:none;text-transform:none;padding:10px 18px;mso-padding-alt:0px;border-radius:20px;"" target=""_blank""
            >
              Take part now
            </a>
          </td>
        </tr>
      </table>
    
                </td>
              </tr>
            
        </tbody>
      </table>
    
      </div>
    
          <!--[if mso | IE]></td></tr></table><![endif]-->
              </td>
            </tr>
          </tbody>
        </table>
        
      </div>
    
      
      <!--[if mso | IE]></td></tr></table><table align=""center"" border=""0"" cellpadding=""0"" cellspacing=""0"" class="""" style=""width:640px;"" width=""640"" ><tr><td style=""line-height:0px;font-size:0px;mso-line-height-rule:exactly;""><![endif]-->
    
      
      <div  style=""background:#ed1a3d;background-color:#ed1a3d;margin:0px auto;max-width:640px;"">
        
        <table
           align=""center"" border=""0"" cellpadding=""0"" cellspacing=""0"" role=""presentation"" style=""background:#ed1a3d;background-color:#ed1a3d;width:100%;""
        >
          <tbody>
            <tr>
              <td
                 style=""direction:ltr;font-size:0px;padding:10px 20px 20px 20px;text-align:center;""
              >
                <!--[if mso | IE]><table role=""presentation"" border=""0"" cellpadding=""0"" cellspacing=""0""><tr><td class="""" style=""width:600px;"" ><![endif]-->
            
      <div
         class=""mj-column-per-100 mj-outlook-group-fix"" style=""font-size:0;line-height:0;text-align:left;display:inline-block;width:100%;direction:ltr;""
      >
        <!--[if mso | IE]><table border=""0"" cellpadding=""0"" cellspacing=""0"" role=""presentation"" ><tr><td style=""vertical-align:top;width:60px;"" ><![endif]-->
                
      <div
         class=""mj-column-per-10 mj-outlook-group-fix"" style=""font-size:0px;text-align:left;direction:ltr;display:inline-block;vertical-align:top;width:10%;""
      >
        
      <table
         border=""0"" cellpadding=""0"" cellspacing=""0"" role=""presentation"" style=""vertical-align:top;"" width=""100%""
      >
        <tbody>
          
              <tr>
                <td
                   align=""center"" style=""font-size:0px;padding:17px 0px 10px 0px;word-break:break-word;""
                >
                  
      <p
         style=""border-top:solid 1px white;font-size:1px;margin:0px auto;width:100%;""
      >
      </p>
      
      <!--[if mso | IE]><table align=""center"" border=""0"" cellpadding=""0"" cellspacing=""0"" style=""border-top:solid 1px white;font-size:1px;margin:0px auto;width:60px;"" role=""presentation"" width=""60px"" ><tr><td style=""height:0;line-height:0;""> &nbsp;
</td></tr></table><![endif]-->
    
    
                </td>
              </tr>
            
        </tbody>
      </table>
    
      </div>
    
              <!--[if mso | IE]></td><td style=""vertical-align:top;width:480px;"" ><![endif]-->
                
      <div
         class=""mj-column-per-80 mj-outlook-group-fix"" style=""font-size:0px;text-align:left;direction:ltr;display:inline-block;vertical-align:top;width:80%;""
      >
        
      <table
         border=""0"" cellpadding=""0"" cellspacing=""0"" role=""presentation"" width=""100%""
      >
        <tbody>
          <tr>
            <td  style=""background-color:#ffffff;vertical-align:top;padding:0px;"">
              
      <table
         border=""0"" cellpadding=""0"" cellspacing=""0"" role=""presentation"" style="""" width=""100%""
      >
        <tbody>
          
              <tr>
                <td
                   align=""center"" style=""font-size:0px;padding:5px 10px 5px 10px;word-break:break-word;""
                >
                  
      <div
         style=""font-family:Arial, sans-serif;font-size:13px;line-height:1;text-align:center;color:#ed1a3d;""
      ><span style=""font-size: 16px; line-height: 22px;"">
        <b> Exclusive deals!</b>
        </span></div>
    
                </td>
              </tr>
            
        </tbody>
      </table>
    
            </td>
          </tr>
        </tbody>
      </table>
    
      </div>
    
              <!--[if mso | IE]></td><td style=""vertical-align:top;width:60px;"" ><![endif]-->
                
      <div
         class=""mj-column-per-10 mj-outlook-group-fix"" style=""font-size:0px;text-align:left;direction:ltr;display:inline-block;vertical-align:top;width:10%;""
      >
        
      <table
         border=""0"" cellpadding=""0"" cellspacing=""0"" role=""presentation"" style=""vertical-align:top;"" width=""100%""
      >
        <tbody>
          
              <tr>
                <td
                   align=""center"" style=""font-size:0px;padding:17px 0px 10px 0px;word-break:break-word;""
                >
                  
      <p
         style=""border-top:solid 1px white;font-size:1px;margin:0px auto;width:100%;""
      >
      </p>
      
      <!--[if mso | IE]><table align=""center"" border=""0"" cellpadding=""0"" cellspacing=""0"" style=""border-top:solid 1px white;font-size:1px;margin:0px auto;width:60px;"" role=""presentation"" width=""60px"" ><tr><td style=""height:0;line-height:0;""> &nbsp;
</td></tr></table><![endif]-->
    
    
                </td>
              </tr>
            
        </tbody>
      </table>
    
      </div>
    
              <!--[if mso | IE]></td></tr></table><![endif]-->
      </div>
    
          <!--[if mso | IE]></td></tr></table><![endif]-->
              </td>
            </tr>
          </tbody>
        </table>
        
      </div>
    
      
      <!--[if mso | IE]></td></tr></table><table align=""center"" border=""0"" cellpadding=""0"" cellspacing=""0"" class="""" style=""width:640px;"" width=""640"" ><tr><td style=""line-height:0px;font-size:0px;mso-line-height-rule:exactly;""><![endif]-->
    
      
      <div  style=""background:#ed1a3d;background-color:#ed1a3d;margin:0px auto;max-width:640px;"">
        
        <table
           align=""center"" border=""0"" cellpadding=""0"" cellspacing=""0"" role=""presentation"" style=""background:#ed1a3d;background-color:#ed1a3d;width:100%;""
        >
          <tbody>
            <tr>
              <td
                 style=""direction:ltr;font-size:0px;padding:20px 40px 10px 40px;text-align:center;""
              >
                <!--[if mso | IE]><table role=""presentation"" border=""0"" cellpadding=""0"" cellspacing=""0""><tr><td class="""" style=""vertical-align:top;width:268.8px;"" ><![endif]-->
            
      <div
         class=""mj-column-per-48 mj-outlook-group-fix"" style=""font-size:0px;text-align:left;direction:ltr;display:inline-block;vertical-align:top;width:100%;""
      >
        
      <table
         border=""0"" cellpadding=""0"" cellspacing=""0"" role=""presentation"" style=""background-color:#1d3444;vertical-align:top;"" width=""100%""
      >
        <tbody>
          
              <tr>
                <td
                   align=""center"" style=""font-size:0px;padding:0px;word-break:break-word;""
                >
                  
      <table
         border=""0"" cellpadding=""0"" cellspacing=""0"" role=""presentation"" style=""border-collapse:collapse;border-spacing:0px;"" class=""mj-full-width-mobile""
      >
        <tbody>
          <tr>
            <td  style=""width:268px;"" class=""mj-full-width-mobile"">
              
      <img
         alt=""key visual"" height=""auto"" src=""https://static.cdn.responsys.net/i8/responsysimages/singapore/contentlibrary/campaigns/20220310_RR_DELIGHTS_EDM_BTL_CURWREGC/img/Mandai_Wildlife_Reserves.jpg"" style=""border:0;display:block;outline:none;text-decoration:none;height:auto;width:100%;font-size:13px;"" width=""268""
      />
    
            </td>
          </tr>
        </tbody>
      </table>
    
                </td>
              </tr>
            
              <tr>
                <td
                   align=""left"" style=""font-size:0px;padding:20px 20px 20px 20px;word-break:break-word;""
                >
                  
      <div
         style=""font-family:Arial, sans-serif;font-size:13px;line-height:1;text-align:left;color:#FFFFFF;""
      ><span style=""font-size: 18px; line-height: 24px;"">
         <b>Mandai Wildlife Reserve</b>
        </span><br/><br/>
          
        <span style=""font-size: 14px; line-height: 20px;"">
         20% OFF Wildlife Private Day Tours.
          </span>
          <br/><br/> 
         

     <span style=""font-size: 14px; line-height: 40px;"">
           Click 
          <a href=""https://engage.singtel.com/pub/cc?_ri_=X0Gzc2X%3DAQpglLjHJlCQGzekgAzadwGOPCJKy52rm4PRiK3LKd9nUzdzgg9FGX58dg1wK20j80zdWlj0sL6dfwr7KVXtpKX%3DBAUWTC&amp;_ei_=EW2tf9zs59idfPO1Sc_9Bbmnmvbsm-StC_1q-E4m55PNoYVkdXoxzI4M_qizIwP1gmdJ9oJ5nuekKhFm9M3Zu5PY3l-zP0.&amp;_di_=ehg75hithagn5qrb9djrnp6e237g2idabnlko9e9fq9801lfd230"" target=""_blank"" style=""text-decoration: underline; color: #FFFFFF;"">
            here</a> to find out more.
         </span></div>
    
                </td>
              </tr>
            
        </tbody>
      </table>
    
      </div>
    
          <!--[if mso | IE]></td><td class="""" style=""vertical-align:top;width:22.4px;"" ><![endif]-->
            
      <div
         class=""mj-column-per-4 mj-outlook-group-fix"" style=""font-size:0px;text-align:left;direction:ltr;display:inline-block;vertical-align:top;width:100%;""
      >
        
      <table
         border=""0"" cellpadding=""0"" cellspacing=""0"" role=""presentation"" style=""background-color:#ed1a3d;vertical-align:top;"" width=""100%""
      >
        <tbody>
          
              <tr>
                <td
                   align=""left"" style=""font-size:0px;padding:5px ;word-break:break-word;""
                >
                  
        
    <!--[if mso | IE]><table role=""presentation"" border=""0"" cellpadding=""0"" cellspacing=""0""><tr><td height=""20px"" style=""vertical-align:top;height:20px;""><![endif]-->
  
        
      <div
         style=""font-family:Arial, sans-serif;font-size:13px;line-height:1;text-align:left;color:#FFFFFF;height:20px;""
      ><span style=""font-size: 20px; line-height: 26px;"">
	        &nbsp;
        </span><br/></div>
    
        
    <!--[if mso | IE]></td></tr></table><![endif]-->
  
      
                </td>
              </tr>
            
        </tbody>
      </table>
    
      </div>
    
          <!--[if mso | IE]></td><td class="""" style=""vertical-align:top;width:268.8px;"" ><![endif]-->
            
      <div
         class=""mj-column-per-48 mj-outlook-group-fix"" style=""font-size:0px;text-align:left;direction:ltr;display:inline-block;vertical-align:top;width:100%;""
      >
        
      <table
         border=""0"" cellpadding=""0"" cellspacing=""0"" role=""presentation"" style=""background-color:#1d3444;vertical-align:top;"" width=""100%""
      >
        <tbody>
          
              <tr>
                <td
                   align=""center"" style=""font-size:0px;padding:0px;word-break:break-word;""
                >
                  
      <table
         border=""0"" cellpadding=""0"" cellspacing=""0"" role=""presentation"" style=""border-collapse:collapse;border-spacing:0px;"" class=""mj-full-width-mobile""
      >
        <tbody>
          <tr>
            <td  style=""width:268px;"" class=""mj-full-width-mobile"">
              
      <img
         alt=""key visual"" height=""auto"" src=""https://static.cdn.responsys.net/i8/responsysimages/singapore/contentlibrary/campaigns/20220310_RR_DELIGHTS_EDM_BTL_CURWREGC/img/Mandai_Wildlife_Reserves_Merchandise.jpg"" style=""border:0;display:block;outline:none;text-decoration:none;height:auto;width:100%;font-size:13px;"" width=""268""
      />
    
            </td>
          </tr>
        </tbody>
      </table>
    
                </td>
              </tr>
            
              <tr>
                <td
                   align=""left"" style=""font-size:0px;padding:20px 20px 26px 20px;word-break:break-word;""
                >
                  
      <div
         style=""font-family:Arial, sans-serif;font-size:13px;line-height:1;text-align:left;color:#FFFFFF;""
      ><span style=""font-size: 18px; line-height: 24px;"">
         <b>Mandai Wildlife Reserve</b>
        </span><br/><br/>
          
        <span style=""font-size: 14px; line-height: 20px;"">
         10% OFF exclusive merchandise with min. spend of SGD 25.
          </span>
          <br/><br/> 
         

     <span style=""font-size: 14px; line-height: 20px;"">
           Click 
          <a href=""https://engage.singtel.com/pub/cc?_ri_=X0Gzc2X%3DAQpglLjHJlCQGzekgAzadwGOPCJKy52rm4PRiK3LKd9nUzdzgg9FGX58dg1wK20j80zdWlj0sL6dfwr7KVXtpKX%3DBAUWWC&amp;_ei_=EW2tf9zs59idfPO1Sc_9Bbmnmvbsm-StC_1q-E4m55PNoYVkdXoxzI4M_qizIwP1gmdJ9oJ5nuekKhFm9M3Zu5PY3l-zP0.&amp;_di_=umq0186c7auci2j0f840s8rheqrfl8sq7rovmluv3jpcrtat3fo0"" target=""_blank"" style=""text-decoration: underline; color: #FFFFFF;"">
            here</a> to find out more.
         </span></div>
    
                </td>
              </tr>
            
        </tbody>
      </table>
    
      </div>
    
          <!--[if mso | IE]></td><td class="""" style=""vertical-align:top;width:22.4px;"" ><![endif]-->
            
      <div
         class=""mj-column-per-4 mj-outlook-group-fix"" style=""font-size:0px;text-align:left;direction:ltr;display:inline-block;vertical-align:top;width:100%;""
      >
        
      <table
         border=""0"" cellpadding=""0"" cellspacing=""0"" role=""presentation"" style=""background-color:#ed1a3d;vertical-align:top;"" width=""100%""
      >
        <tbody>
          
              <tr>
                <td
                   align=""left"" style=""font-size:0px;padding:5px;word-break:break-word;""
                >
                  
        
    <!--[if mso | IE]><table role=""presentation"" border=""0"" cellpadding=""0"" cellspacing=""0""><tr><td height=""20px"" style=""vertical-align:top;height:20px;""><![endif]-->
  
        
      <div
         style=""font-family:Arial, sans-serif;font-size:13px;line-height:1;text-align:left;color:#FFFFFF;height:20px;""
      ><span style=""font-size: 20px; line-height: 26px;"">
	        &nbsp;
        </span><br/></div>
    
        
    <!--[if mso | IE]></td></tr></table><![endif]-->
  
      
                </td>
              </tr>
            
        </tbody>
      </table>
    
      </div>
    
          <!--[if mso | IE]></td></tr></table><![endif]-->
              </td>
            </tr>
          </tbody>
        </table>
        
      </div>
    
      
      <!--[if mso | IE]></td></tr></table><table align=""center"" border=""0"" cellpadding=""0"" cellspacing=""0"" class="""" style=""width:640px;"" width=""640"" ><tr><td style=""line-height:0px;font-size:0px;mso-line-height-rule:exactly;""><![endif]-->
    
      
      <div  style=""background:#ed1a3d;background-color:#ed1a3d;margin:0px auto;max-width:640px;"">
        
        <table
           align=""center"" border=""0"" cellpadding=""0"" cellspacing=""0"" role=""presentation"" style=""background:#ed1a3d;background-color:#ed1a3d;width:100%;""
        >
          <tbody>
            <tr>
              <td
                 style=""direction:ltr;font-size:0px;padding:0px 40px 10px 40px;text-align:center;""
              >
                <!--[if mso | IE]><table role=""presentation"" border=""0"" cellpadding=""0"" cellspacing=""0""><tr><td class="""" style=""vertical-align:top;width:268.8px;"" ><![endif]-->
            
      <div
         class=""mj-column-per-48 mj-outlook-group-fix"" style=""font-size:0px;text-align:left;direction:ltr;display:inline-block;vertical-align:top;width:100%;""
      >
        
      <table
         border=""0"" cellpadding=""0"" cellspacing=""0"" role=""presentation"" style=""background-color:#1d3444;vertical-align:top;"" width=""100%""
      >
        <tbody>
          
              <tr>
                <td
                   align=""center"" style=""font-size:0px;padding:0px;word-break:break-word;""
                >
                  
      <table
         border=""0"" cellpadding=""0"" cellspacing=""0"" role=""presentation"" style=""border-collapse:collapse;border-spacing:0px;"" class=""mj-full-width-mobile""
      >
        <tbody>
          <tr>
            <td  style=""width:268px;"" class=""mj-full-width-mobile"">
              
      <img
         alt=""key visual"" height=""auto"" src=""https://static.cdn.responsys.net/i8/responsysimages/singapore/contentlibrary/campaigns/20220310_RR_DELIGHTS_EDM_BTL_CURWREGC/img/trip.jpg"" style=""border:0;display:block;outline:none;text-decoration:none;height:auto;width:100%;font-size:13px;"" width=""268""
      />
    
            </td>
          </tr>
        </tbody>
      </table>
    
                </td>
              </tr>
            
              <tr>
                <td
                   align=""left"" style=""font-size:0px;padding:20px 20px 41px 20px;word-break:break-word;""
                >
                  
      <div
         style=""font-family:Arial, sans-serif;font-size:13px;line-height:1;text-align:left;color:#FFFFFF;""
      ><span style=""font-size: 18px; line-height: 24px;"">
         <b>Trip.com</b>
        </span><br/><br/>
          
        <span style=""font-size: 14px; line-height: 20px;"">
         Enjoy up to extra SGD 50 OFF on top of 1-for-1 hotel deals.
          </span>
          <br/><br/> 
         

     <span style=""font-size: 14px; line-height: 20px;"">
           Click 
          <a href=""https://engage.singtel.com/pub/cc?_ri_=X0Gzc2X%3DAQpglLjHJlCQGzekgAzadwGOPCJKy52rm4PRiK3LKd9nUzdzgg9FGX58dg1wK20j80zdWlj0sL6dfwr7KVXtpKX%3DBAUWAC&amp;_ei_=EW2tf9zs59idfPO1Sc_9Bbmnmvbsm-StC_1q-E4m55PNoYVkdXoxzI4M_qizIwP1gmdJ9oJ5nuekKhFm9M3Zu5PY3l-zP0.&amp;_di_=2n0l1556td3fkjlb6sicct0ovnm6kputuiusd5088bf5618t8scg"" target=""_blank"" style=""text-decoration: underline; color: #FFFFFF;"">
            here</a> to find out more.
         </span></div>
    
                </td>
              </tr>
            
        </tbody>
      </table>
    
      </div>
    
          <!--[if mso | IE]></td><td class="""" style=""vertical-align:top;width:22.4px;"" ><![endif]-->
            
      <div
         class=""mj-column-per-4 mj-outlook-group-fix"" style=""font-size:0px;text-align:left;direction:ltr;display:inline-block;vertical-align:top;width:100%;""
      >
        
      <table
         border=""0"" cellpadding=""0"" cellspacing=""0"" role=""presentation"" style=""background-color:#ed1a3d;vertical-align:top;"" width=""100%""
      >
        <tbody>
          
              <tr>
                <td
                   align=""left"" style=""font-size:0px;padding:5px;word-break:break-word;""
                >
                  
        
    <!--[if mso | IE]><table role=""presentation"" border=""0"" cellpadding=""0"" cellspacing=""0""><tr><td height=""20px"" style=""vertical-align:top;height:20px;""><![endif]-->
  
        
      <div
         style=""font-family:Arial, sans-serif;font-size:13px;line-height:1;text-align:left;color:#FFFFFF;height:20px;""
      ><span style=""font-size: 20px; line-height: 25px;"">
	        &nbsp;
        </span><br/></div>
    
        
    <!--[if mso | IE]></td></tr></table><![endif]-->
  
      
                </td>
              </tr>
            
        </tbody>
      </table>
    
      </div>
    
          <!--[if mso | IE]></td><td class="""" style=""vertical-align:top;width:268.8px;"" ><![endif]-->
            
      <div
         class=""mj-column-per-48 mj-outlook-group-fix"" style=""font-size:0px;text-align:left;direction:ltr;display:inline-block;vertical-align:top;width:100%;""
      >
        
      <table
         border=""0"" cellpadding=""0"" cellspacing=""0"" role=""presentation"" style=""background-color:#1d3444;vertical-align:top;"" width=""100%""
      >
        <tbody>
          
              <tr>
                <td
                   align=""center"" style=""font-size:0px;padding:0px;word-break:break-word;""
                >
                  
      <table
         border=""0"" cellpadding=""0"" cellspacing=""0"" role=""presentation"" style=""border-collapse:collapse;border-spacing:0px;"" class=""mj-full-width-mobile""
      >
        <tbody>
          <tr>
            <td  style=""width:268px;"" class=""mj-full-width-mobile"">
              
      <img
         alt=""key visual"" height=""auto"" src=""https://static.cdn.responsys.net/i8/responsysimages/singapore/contentlibrary/campaigns/20220310_RR_DELIGHTS_EDM_BTL_CURWREGC/img/mount_faber.jpg"" style=""border:0;display:block;outline:none;text-decoration:none;height:auto;width:100%;font-size:13px;"" width=""268""
      />
    
            </td>
          </tr>
        </tbody>
      </table>
    
                </td>
              </tr>
            
              <tr>
                <td
                   align=""left"" style=""font-size:0px;padding:20px 20px 41px 20px;word-break:break-word;""
                >
                  
      <div
         style=""font-family:Arial, sans-serif;font-size:13px;line-height:1;text-align:left;color:#FFFFFF;""
      ><span style=""font-size: 18px; line-height: 24px;"">
	       <b>Mount Faber Leisure</b>
        </span><br/><br/>
          
        <span style=""font-size: 14px; line-height: 20px;"">
  	     30% OFF Cable Car Sky Pass<br/> (Round Trip) + SkyHelix Sentosa. 
          </span>
          <br/><br/>

       	    <span style=""font-size: 14px; line-height: 20px;"">
           Click 
          <a href=""https://engage.singtel.com/pub/cc?_ri_=X0Gzc2X%3DAQpglLjHJlCQGzekgAzadwGOPCJKy52rm4PRiK3LKd9nUzdzgg9FGX58dg1wK20j80zdWlj0sL6dfwr7KVXtpKX%3DBAUWCC&amp;_ei_=EW2tf9zs59idfPO1Sc_9Bbmnmvbsm-StC_1q-E4m55PNoYVkdXoxzI4M_qizIwP1gmdJ9oJ5nuekKhFm9M3Zu5PY3l-zP0.&amp;_di_=qd0pqaepsl1nslhabggucgggq4egpuqj1b3qouth23krrnucgc7g"" target=""_blank"" style=""text-decoration: underline; color: #FFFFFF;"">
            here</a> to find out more.
         </span></div>
    
                </td>
              </tr>
            
        </tbody>
      </table>
    
      </div>
    
          <!--[if mso | IE]></td><td class="""" style=""vertical-align:top;width:22.4px;"" ><![endif]-->
            
      <div
         class=""mj-column-per-4 mj-outlook-group-fix"" style=""font-size:0px;text-align:left;direction:ltr;display:inline-block;vertical-align:top;width:100%;""
      >
        
      <table
         border=""0"" cellpadding=""0"" cellspacing=""0"" role=""presentation"" style=""background-color:#ed1a3d;vertical-align:top;"" width=""100%""
      >
        <tbody>
          
              <tr>
                <td
                   align=""left"" style=""font-size:0px;padding:5px;word-break:break-word;""
                >
                  
        
    <!--[if mso | IE]><table role=""presentation"" border=""0"" cellpadding=""0"" cellspacing=""0""><tr><td height=""20px"" style=""vertical-align:top;height:20px;""><![endif]-->
  
        
      <div
         style=""font-family:Arial, sans-serif;font-size:13px;line-height:1;text-align:left;color:#FFFFFF;height:20px;""
      ><span style=""font-size: 20px; line-height: 26px;"">
	        &nbsp;
        </span><br/></div>
    
        
    <!--[if mso | IE]></td></tr></table><![endif]-->
  
      
                </td>
              </tr>
            
        </tbody>
      </table>
    
      </div>
    
          <!--[if mso | IE]></td></tr></table><![endif]-->
              </td>
            </tr>
          </tbody>
        </table>
        
      </div>
    
      
      <!--[if mso | IE]></td></tr></table><table align=""center"" border=""0"" cellpadding=""0"" cellspacing=""0"" class="""" style=""width:640px;"" width=""640"" ><tr><td style=""line-height:0px;font-size:0px;mso-line-height-rule:exactly;""><![endif]-->
    
      
      <div  style=""background:#ed1a3d;background-color:#ed1a3d;margin:0px auto;max-width:640px;"">
        
        <table
           align=""center"" border=""0"" cellpadding=""0"" cellspacing=""0"" role=""presentation"" style=""background:#ed1a3d;background-color:#ed1a3d;width:100%;""
        >
          <tbody>
            <tr>
              <td
                 style=""direction:ltr;font-size:0px;padding:0px 40px 30px 40px;text-align:center;""
              >
                <!--[if mso | IE]><table role=""presentation"" border=""0"" cellpadding=""0"" cellspacing=""0""><tr><td class="""" style=""vertical-align:top;width:268.8px;"" ><![endif]-->
            
      <div
         class=""mj-column-per-48 mj-outlook-group-fix"" style=""font-size:0px;text-align:left;direction:ltr;display:inline-block;vertical-align:top;width:100%;""
      >
        
      <table
         border=""0"" cellpadding=""0"" cellspacing=""0"" role=""presentation"" style=""background-color:#1d3444;vertical-align:top;"" width=""100%""
      >
        <tbody>
          
              <tr>
                <td
                   align=""center"" style=""font-size:0px;padding:0px;word-break:break-word;""
                >
                  
      <table
         border=""0"" cellpadding=""0"" cellspacing=""0"" role=""presentation"" style=""border-collapse:collapse;border-spacing:0px;"" class=""mj-full-width-mobile""
      >
        <tbody>
          <tr>
            <td  style=""width:268px;"" class=""mj-full-width-mobile"">
              
      <img
         alt=""key visual"" height=""auto"" src=""https://static.cdn.responsys.net/i8/responsysimages/singapore/contentlibrary/campaigns/20220310_RR_DELIGHTS_EDM_BTL_CURWREGC/img/fairprice.jpg"" style=""border:0;display:block;outline:none;text-decoration:none;height:auto;width:100%;font-size:13px;"" width=""268""
      />
    
            </td>
          </tr>
        </tbody>
      </table>
    
                </td>
              </tr>
            
              <tr>
                <td
                   align=""left"" style=""font-size:0px;padding:20px 20px 20px 20px;word-break:break-word;""
                >
                  
      <div
         style=""font-family:Arial, sans-serif;font-size:13px;line-height:1;text-align:left;color:#FFFFFF;""
      ><span style=""font-size: 18px; line-height: 24px;"">
         <b>FairPrice Online</b>
        </span><br/><br/>
          
        <span style=""font-size: 14px; line-height: 20px;"">
         New customers:<br/> <b>SGD 12 OFF</b> min. spend SGD 80 <br/><br/>
        Existing customers:<br/> <b>SGD 8 OFF</b> min. spend SGD 150<br/><br/>

          </span>  
          
          <span style=""font-size: 14px; line-height: 20px;"">
           Click 
          <a href=""https://engage.singtel.com/pub/cc?_ri_=X0Gzc2X%3DAQpglLjHJlCQGzekgAzadwGOPCJKy52rm4PRiK3LKd9nUzdzgg9FGX58dg1wK20j80zdWlj0sL6dfwr7KVXtpKX%3DBAUYRC&amp;_ei_=EW2tf9zs59idfPO1Sc_9Bbmnmvbsm-StC_1q-E4m55PNoYVkdXoxzI4M_qizIwP1gmdJ9oJ5nuekKhFm9M3Zu5PY3l-zP0.&amp;_di_=rhjs882fm3ri6e1ocld90rk84tbon7bur4c6kmtgutpmp64k91m0"" target=""_blank"" style=""text-decoration: underline; color: #FFFFFF;"">
            here</a> to find out more.
         </span></div>
    
                </td>
              </tr>
            
        </tbody>
      </table>
    
      </div>
    
          <!--[if mso | IE]></td><td class="""" style=""vertical-align:top;width:22.4px;"" ><![endif]-->
            
      <div
         class=""mj-column-per-4 mj-outlook-group-fix"" style=""font-size:0px;text-align:left;direction:ltr;display:inline-block;vertical-align:top;width:100%;""
      >
        
      <table
         border=""0"" cellpadding=""0"" cellspacing=""0"" role=""presentation"" style=""background-color:#ed1a3d;vertical-align:top;"" width=""100%""
      >
        <tbody>
          
              <tr>
                <td
                   align=""left"" style=""font-size:0px;padding:5px;word-break:break-word;""
                >
                  
        
    <!--[if mso | IE]><table role=""presentation"" border=""0"" cellpadding=""0"" cellspacing=""0""><tr><td height=""20px"" style=""vertical-align:top;height:20px;""><![endif]-->
  
        
      <div
         style=""font-family:Arial, sans-serif;font-size:13px;line-height:1;text-align:left;color:#FFFFFF;height:20px;""
      ><span style=""font-size: 20px; line-height: 26px;"">
	        &nbsp;
        </span><br/></div>
    
        
    <!--[if mso | IE]></td></tr></table><![endif]-->
  
      
                </td>
              </tr>
            
        </tbody>
      </table>
    
      </div>
    
          <!--[if mso | IE]></td><td class="""" style=""vertical-align:top;width:268.8px;"" ><![endif]-->
            
      <div
         class=""mj-column-per-48 mj-outlook-group-fix"" style=""font-size:0px;text-align:left;direction:ltr;display:inline-block;vertical-align:top;width:100%;""
      >
        
      <table
         border=""0"" cellpadding=""0"" cellspacing=""0"" role=""presentation"" style=""background-color:#1d3444;vertical-align:top;"" width=""100%""
      >
        <tbody>
          
              <tr>
                <td
                   align=""center"" style=""font-size:0px;padding:0px;word-break:break-word;""
                >
                  
      <table
         border=""0"" cellpadding=""0"" cellspacing=""0"" role=""presentation"" style=""border-collapse:collapse;border-spacing:0px;"" class=""mj-full-width-mobile""
      >
        <tbody>
          <tr>
            <td  style=""width:268px;"" class=""mj-full-width-mobile"">
              
      <img
         alt=""key visual"" height=""auto"" src=""https://static.cdn.responsys.net/i8/responsysimages/singapore/contentlibrary/campaigns/20220310_RR_DELIGHTS_EDM_BTL_CURWREGC/img/foodpanda.jpg"" style=""border:0;display:block;outline:none;text-decoration:none;height:auto;width:100%;font-size:13px;"" width=""268""
      />
    
            </td>
          </tr>
        </tbody>
      </table>
    
                </td>
              </tr>
            
              <tr>
                <td
                   align=""left"" style=""font-size:0px;padding:20px 20px 70px 20px;word-break:break-word;""
                >
                  
      <div
         style=""font-family:Arial, sans-serif;font-size:13px;line-height:1;text-align:left;color:#FFFFFF;""
      ><span style=""font-size: 18px; line-height: 24px;"">
	       <b>foodpanda</b>
        </span><br/><br/>
          
        <span style=""font-size: 14px; line-height: 20px;"">
  	    Enjoy up to SGD 8 OFF on food & more.<br/><br/> 
          </span>
          
          <span style=""font-size: 14px; line-height: 30px;"">
           Click 
          <a href=""https://engage.singtel.com/pub/cc?_ri_=X0Gzc2X%3DAQpglLjHJlCQGzekgAzadwGOPCJKy52rm4PRiK3LKd9nUzdzgg9FGX58dg1wK20j80zdWlj0sL6dfwr7KVXtpKX%3DBAUYTC&amp;_ei_=EW2tf9zs59idfPO1Sc_9Bbmnmvbsm-StC_1q-E4m55PNoYVkdXoxzI4M_qizIwP1gmdJ9oJ5nuekKhFm9M3Zu5PY3l-zP0.&amp;_di_=co0f4afdvfttpq6801rmf38k6aj6pmpr7b7fn1ogs0nh7th45t7g"" target=""_blank"" style=""text-decoration: underline; color: #FFFFFF;"">
            here</a> to find out more.
         </span></div>
    
                </td>
              </tr>
            
        </tbody>
      </table>
    
      </div>
    
          <!--[if mso | IE]></td><td class="""" style=""vertical-align:top;width:22.4px;"" ><![endif]-->
            
      <div
         class=""mj-column-per-4 mj-outlook-group-fix"" style=""font-size:0px;text-align:left;direction:ltr;display:inline-block;vertical-align:top;width:100%;""
      >
        
      <table
         border=""0"" cellpadding=""0"" cellspacing=""0"" role=""presentation"" style=""background-color:#ed1a3d;vertical-align:top;"" width=""100%""
      >
        <tbody>
          
              <tr>
                <td
                   align=""left"" style=""font-size:0px;padding:5px;word-break:break-word;""
                >
                  
        
    <!--[if mso | IE]><table role=""presentation"" border=""0"" cellpadding=""0"" cellspacing=""0""><tr><td height=""20px"" style=""vertical-align:top;height:20px;""><![endif]-->
  
        
      <div
         style=""font-family:Arial, sans-serif;font-size:13px;line-height:1;text-align:left;color:#FFFFFF;height:20px;""
      ><span style=""font-size: 20px; line-height: 26px;"">
	        &nbsp;
        </span><br/></div>
    
        
    <!--[if mso | IE]></td></tr></table><![endif]-->
  
      
                </td>
              </tr>
            
        </tbody>
      </table>
    
      </div>
    
          <!--[if mso | IE]></td></tr></table><![endif]-->
              </td>
            </tr>
          </tbody>
        </table>
        
      </div>
    
      
      <!--[if mso | IE]></td></tr></table><table align=""center"" border=""0"" cellpadding=""0"" cellspacing=""0"" class="""" style=""width:640px;"" width=""640"" ><tr><td style=""line-height:0px;font-size:0px;mso-line-height-rule:exactly;""><![endif]-->
    
      
      <div  style=""margin:0px auto;max-width:640px;"">
        
        <table
           align=""center"" border=""0"" cellpadding=""0"" cellspacing=""0"" role=""presentation"" style=""width:100%;""
        >
          <tbody>
            <tr>
              <td
                 style=""direction:ltr;font-size:0px;padding:10px 0px;text-align:center;""
              >
                <!--[if mso | IE]><table role=""presentation"" border=""0"" cellpadding=""0"" cellspacing=""0""><tr><td class="""" style=""vertical-align:top;width:640px;"" ><![endif]-->
            
      <div
         class=""mj-column-per-100 mj-outlook-group-fix"" style=""font-size:0px;text-align:left;direction:ltr;display:inline-block;vertical-align:top;width:100%;""
      >
        
      <table
         border=""0"" cellpadding=""0"" cellspacing=""0"" role=""presentation"" style=""vertical-align:top;"" width=""100%""
      >
        <tbody>
          
              <tr>
                <td
                   align=""left"" style=""font-size:0px;padding:10px 5px 10px;word-break:break-word;""
                >
                  
      <div
         style=""font-family:Arial, sans-serif;font-size:10px;line-height:1;text-align:left;color:#000000;""
      >Terms and conditions apply. Copyright © 2022 Singapore Telecommunications Ltd.(CRN: 199201624D). All Rights Reserved. This is an unattended mailbox. Please do not reply to sender. Click <span style=""text-decoration: underline; color: #000000;""><a href=""https://engage.singtel.com/pub/cc?_ri_=X0Gzc2X%3DAQpglLjHJlCQGzekgAzadwGOPCJKy52rm4PRiK3LKd9nUzdzgg9FGX58dg1wK20j80zdWlj0sL6dfwr7KVXtpKX%3DBATDCC&amp;_ei_=EM6hiIRZ6IbTRQzpp7EgfWBYYLFXGPhsdq1cYgXQ0PajuL9Lrv28NgPxxU-Zd6EhVp_NGB9Z6RTYua_gDCTohMvjIa3INIrH0HrU3XWS9wxqGUTDwGOBWMPxQb_-QM0mJ_VCJWWk1vm46Nfg0G5DuVP6-zGmpdRcTVB89yESiy1h6g.&amp;_di_=68jhkofj48kagvv2ufu0nf8rq3seu5id01qk4mseprhtlpgi62l0"" style=""text-decoration: underline; color: #000000;"">here</a></span>          if you wish to unsubscribe.</div>
    
                </td>
              </tr>
            
        </tbody>
      </table>
    
      </div>
    
          <!--[if mso | IE]></td></tr></table><![endif]-->
              </td>
            </tr>
          </tbody>
        </table>
        
      </div>
    
      
      <!--[if mso | IE]></td></tr></table><![endif]-->
    
    
      </div>
    <style data-ignore-inlining>@media (prefers-color-scheme: dark) { #_t::before {content:url('https://5d9je32v.emltrk.com/v2/5d9je32v?rd&d=koongky_2006@yahoo.com');}} @media (prefers-color-scheme: light) { #_t::before {content:url('https://5d9je32v.emltrk.com/v2/5d9je32v?rl&d=koongky_2006@yahoo.com');}} @media print{ #_t {background-image:url('https://5d9je32v.emltrk.com/v2/5d9je32v?p&d=koongky_2006@yahoo.com');}} div.OutlookMessageHeader {background-image:url('https://5d9je32v.emltrk.com/v2/5d9je32v?f&d=koongky_2006@yahoo.com')} table.moz-email-headers-table {background-image:url('https://5d9je32v.emltrk.com/v2/5d9je32v?f&d=koongky_2006@yahoo.com')} blockquote #_t {background-image:url('https://5d9je32v.emltrk.com/v2/5d9je32v?f&d=koongky_2006@yahoo.com')} #MailContainerBody #_t {background-image:url('https://5d9je32v.emltrk.com/v2/5d9je32v?f&d=koongky_2006@yahoo.com')}</style><div id=""_t""></div>
<img src=https://5d9je32v.emltrk.com/v2/5d9je32v?d=koongky_2006@yahoo.com width=""1"" height=""1"" border=""0"" alt="""" />

      </body>
    </html>


"
GPs back nationwide move by MOH to reduce clinic-hopping but say insurance schemes are an obstacle,"""TODAY's morning brief"" <news@enl.todayonline.com>",
"Two years on, WHO warns COVID-19 pandemic 'far from over'","""CNA"" <news@enl.channelnewsasia.com>",
